{
  "users_conf": [
    {
      "source_dir": "<SOURCE DIRECTORY PATH>",
      "pm_config": {
        "destination_dir": "<PM DIRECTORY PATH>",
        "foreign_id": "<FOREIGN ID>"
      },
      "fm_config": {
        "source": "NDAC",
        "node_id": "1",
        "host": "127.0.0.1",
        "service": "NDAC",
        "destination_dir": "<FM DIRECTORY PATH>"
      }
    },
    {
      "source_dir": "<SOURCE DIRECTORY PATH>",
      "pm_config": {
        "destination_dir": "<PM DIRECTORY PATH>",
        "foreign_id": "<FOREIGN ID>"
      },
      "fm_config": {
        "source": "NDAC",
        "node_id": "1",
        "host": "127.0.0.1",
        "service": "NDAC",
        "destination_dir": "<FM DIRECTORY PATH>"
      }
    }
  ],
  "opennms_address": "127.0.0.1:5817",
  "cleanup_duration": 60
}
