{
	"base_url": "https://api.dac.nokia.com/api/v1",
	"users": [
		{
			"email_id": "<USER EMAIL>",
			"password": "<USER PASSWORD>",
			"response_dest": "<DIRECTORY PATH>"
		},
		{
			"email_id": "<USER EMAIL>",
			"password": "<USER PASSWORD>",
			"response_dest": "<DIRECTORY PATH>"
		}
	],
	"um_api": {
		"login": "/sessions/login",
		"refresh": "/sessions/refresh",
		"logout": "/sessions/logout"
	},
	"list_nhg_api": {
		"api": "/accounts/network-groups",
		"interval": 60
	},
	"apis": [
		{
			"api": "/metrics/radios/pmdata",
			"interval": 15
		},
		{
			"api": "/metrics/radios/fmdata",
			"type": "ACTIVE",
			"interval": 1,
			"sync_duration": 15
		},
		{
			"api": "/metrics/radios/fmdata",
			"type": "HISTORY",
			"interval": 1,
			"sync_duration": 15
		}
	],
	"limit": 10000,
	"delay": 10
}
