{
  "base_url": "https://console.dac.nokia.com/api/ndac/v2",
  "users": [
    {
      "email_id": "<USER EMAIL>",
      "response_dest": "<DIRECTORY PATH>",
      "auth_type": "<PASSWORD/ADTOKEN>"
    },
    {
      "email_id": "<USER EMAIL>",
      "response_dest": "<DIRECTORY PATH>",
      "auth_type": "<PASSWORD/ADTOKEN>"
    }
  ],
  "azure_session_api": {
    "refresh": "/azure-refresh-sessions"
  },
  "um_api": {
    "login": "/login-session",
    "refresh": "/refresh-session",
    "logout": "/logout-session"
  },
  "list_network_api": {
    "nhg_api": "/network-hardware-groups",
    "gng_api": "/generic-network-groups",
    "interval": 60,
    "slice_ids": []
  },
  "sim_apis": [
    {
      "api": "/network-hardware-groups/{nhg_id}/sims",
      "interval": 60
    },
    {
      "api": "/account-sims",
      "interval": 60
    },
    {
      "api": "/access-point-sims",
      "interval": 60
    }
  ],
  "userAG_apis": {
    "list_orgUUID": "/organizations",
    "list_accUUID": "/organizations/{org_uuid}/accounts"
  },
  "metric_apis": [
    {
      "api": "/network-hardware-groups/{nhg_id}/pmdata",
      "metric_type": "RADIO",
      "interval": 15
    },
    {
      "api": "/network-hardware-groups/{nhg_id}/pmdata",
      "metric_type": "CORE",
      "aggregation": "5m",
      "interval": 5
    },
    {
      "api": "/network-hardware-groups/{nhg_id}/pmdata",
      "metric_type": "EDGE",
      "aggregation": "1m",
      "interval": 5
    },
    {
      "api": "/network-hardware-groups/{nhg_id}/pmdata",
      "metric_type": "IXR",
      "aggregation": "5m",
      "interval": 5
    },
    {
      "api": "/network-hardware-groups/{nhg_id}/fmdata",
      "type": "ACTIVE",
      "metric_type": "RADIO",
      "interval": 30
    },
    {
      "api": "/network-hardware-groups/{nhg_id}/fmdata",
      "type": "HISTORY",
      "metric_type": "RADIO",
      "interval": 1,
      "sync_duration": 15
    },
    {
      "api": "/network-hardware-groups/{nhg_id}/fmdata",
      "type": "ACTIVE",
      "metric_type": "DAC",
      "interval": 30
    },
    {
      "api": "/network-hardware-groups/{nhg_id}/fmdata",
      "type": "HISTORY",
      "metric_type": "DAC",
      "interval": 1,
      "sync_duration": 15
    },
    {
      "api": "/network-hardware-groups/{nhg_id}/fmdata",
      "type": "ACTIVE",
      "metric_type": "CORE",
      "interval": 30
    },
    {
      "api": "/network-hardware-groups/{nhg_id}/fmdata",
      "type": "HISTORY",
      "metric_type": "CORE",
      "interval": 1,
      "sync_duration": 15
    },
    {
      "api": "/network-hardware-groups/{nhg_id}/fmdata",
      "type": "ACTIVE",
      "metric_type": "APPLICATION",
      "interval": 30
    },
    {
      "api": "/network-hardware-groups/{nhg_id}/fmdata",
      "type": "HISTORY",
      "metric_type": "APPLICATION",
      "interval": 5,
      "sync_duration": 15
    },
    {
      "api": "/network-hardware-groups/{nhg_id}/fmdata",
      "type": "ACTIVE",
      "metric_type": "IXR",
      "interval": 30
    },
    {
      "api": "/network-hardware-groups/{nhg_id}/fmdata",
      "type": "HISTORY",
      "metric_type": "IXR",
      "interval": 1,
      "sync_duration": 15
    }
  ],
  "limit": 10000,
  "delay": 10,
  "max_concurrent_process": 1,
  "pretty_response": false
}
