{
  "annotations": {
    "list": [
      {
        "builtIn": 1,
        "datasource": "-- Grafana --",
        "enable": true,
        "hide": true,
        "iconColor": "rgba(0, 211, 255, 1)",
        "name": "Annotations & Alerts",
        "type": "dashboard"
      }
    ]
  },
  "description": "NDAC FM History alarms dashboard",
  "editable": true,
  "gnetId": null,
  "graphTooltip": 0,
  "id": 2,
  "iteration": 1603962805097,
  "links": [
    {
      "icon": "external link",
      "keepTime": false,
      "tags": [
        "ActiveAlarmDashboard"
      ],
      "targetBlank": true,
      "type": "dashboards"
    },
    {
      "icon": "external link",
      "tags": [
        "PMKPIDashboard"
      ],
      "type": "dashboards"
    },
    {
      "asDropdown": true,
      "icon": "external link",
      "tags": [
        "Radio5G"
      ],
      "title": "5G Dashboard",
      "type": "dashboards"
    }
  ],
  "panels": [
    {
      "content": "",
      "datasource": null,
      "gridPos": {
        "h": 2,
        "w": 24,
        "x": 0,
        "y": 0
      },
      "id": 5,
      "links": [],
      "mode": "markdown",
      "options": {},
      "repeat": null,
      "title": "NDAC FM HISTORY ALARMS DASHBOARD",
      "transparent": true,
      "type": "text"
    },
    {
      "cacheTimeout": null,
      "datasource": "$datasource",
      "description": "Provides the count of critical alarms",
      "gridPos": {
        "h": 5,
        "w": 5,
        "x": 0,
        "y": 2
      },
      "id": 7,
      "links": [],
      "options": {
        "colorMode": "value",
        "fieldOptions": {
          "calcs": [
            "last"
          ],
          "defaults": {
            "links": [],
            "mappings": [
              {
                "from": "",
                "id": 1,
                "operator": "",
                "text": "0",
                "to": "",
                "type": 1,
                "value": "null"
              }
            ],
            "thresholds": {
              "mode": "absolute",
              "steps": [
                {
                  "color": "super-light-red",
                  "value": null
                },
                {
                  "color": "red",
                  "value": 80
                }
              ]
            },
            "unit": "none"
          },
          "overrides": [],
          "values": false
        },
        "graphMode": "area",
        "justifyMode": "auto",
        "orientation": "auto"
      },
      "pluginVersion": "6.6.2",
      "targets": [
        {
          "alias": "Critical",
          "bucketAggs": [
            {
              "field": "Severity.keyword",
              "id": "2",
              "settings": {
                "min_doc_count": 1,
                "missing": "0",
                "order": "desc",
                "orderBy": "_term",
                "size": "0"
              },
              "type": "terms"
            }
          ],
          "metrics": [
            {
              "field": "select field",
              "id": "1",
              "meta": {},
              "settings": {},
              "type": "count"
            }
          ],
          "query": "nhgname.keyword:$nhgname AND Dn:$apid AND Severity:critical",
          "refId": "A",
          "timeField": "EventTime"
        }
      ],
      "timeFrom": null,
      "timeShift": null,
      "title": "Critical Alarms",
      "type": "stat"
    },
    {
      "cacheTimeout": null,
      "datasource": "$datasource",
      "description": "Provides the count of major alarms",
      "gridPos": {
        "h": 5,
        "w": 5,
        "x": 5,
        "y": 2
      },
      "id": 9,
      "links": [],
      "options": {
        "colorMode": "value",
        "fieldOptions": {
          "calcs": [
            "mean"
          ],
          "defaults": {
            "links": [],
            "mappings": [
              {
                "from": "",
                "id": 1,
                "operator": "",
                "text": "0",
                "to": "",
                "type": 1,
                "value": "null"
              }
            ],
            "thresholds": {
              "mode": "absolute",
              "steps": [
                {
                  "color": "super-light-orange",
                  "value": null
                },
                {
                  "color": "red",
                  "value": 80
                }
              ]
            },
            "unit": "none"
          },
          "overrides": [],
          "values": false
        },
        "graphMode": "area",
        "justifyMode": "auto",
        "orientation": "auto"
      },
      "pluginVersion": "6.6.2",
      "targets": [
        {
          "alias": "Critical",
          "bucketAggs": [
            {
              "field": "Severity.keyword",
              "id": "2",
              "settings": {
                "min_doc_count": 1,
                "missing": null,
                "order": "desc",
                "orderBy": "_term",
                "size": "0"
              },
              "type": "terms"
            }
          ],
          "metrics": [
            {
              "field": "select field",
              "id": "1",
              "type": "count"
            }
          ],
          "query": "nhgname.keyword:$nhgname AND Dn:$apid AND Severity:major",
          "refId": "A",
          "timeField": "EventTime"
        }
      ],
      "timeFrom": null,
      "timeShift": null,
      "title": "Major Alarms",
      "type": "stat"
    },
    {
      "cacheTimeout": null,
      "datasource": "$datasource",
      "description": "Provides the count of minor alarms",
      "gridPos": {
        "h": 5,
        "w": 5,
        "x": 10,
        "y": 2
      },
      "id": 13,
      "links": [],
      "options": {
        "colorMode": "value",
        "fieldOptions": {
          "calcs": [
            "mean"
          ],
          "defaults": {
            "links": [],
            "mappings": [
              {
                "from": "",
                "id": 1,
                "operator": "",
                "text": "0",
                "to": "",
                "type": 1,
                "value": "null"
              }
            ],
            "thresholds": {
              "mode": "absolute",
              "steps": [
                {
                  "color": "super-light-yellow",
                  "value": null
                },
                {
                  "color": "red",
                  "value": 80
                }
              ]
            },
            "unit": "none"
          },
          "overrides": [],
          "values": false
        },
        "graphMode": "area",
        "justifyMode": "auto",
        "orientation": "auto"
      },
      "pluginVersion": "6.6.2",
      "targets": [
        {
          "alias": "Critical",
          "bucketAggs": [
            {
              "field": "Severity.keyword",
              "id": "2",
              "settings": {
                "min_doc_count": 1,
                "missing": null,
                "order": "desc",
                "orderBy": "_term",
                "size": "0"
              },
              "type": "terms"
            }
          ],
          "metrics": [
            {
              "field": "select field",
              "id": "1",
              "type": "count"
            }
          ],
          "query": "nhgname.keyword:$nhgname AND Dn:$apid AND Severity:minor",
          "refId": "A",
          "timeField": "EventTime"
        }
      ],
      "timeFrom": null,
      "timeShift": null,
      "title": "Minor Alarms",
      "type": "stat"
    },
    {
      "cacheTimeout": null,
      "datasource": "$datasource",
      "description": "Provides the count of warning alarms",
      "gridPos": {
        "h": 5,
        "w": 5,
        "x": 15,
        "y": 2
      },
      "id": 14,
      "links": [],
      "options": {
        "colorMode": "value",
        "fieldOptions": {
          "calcs": [
            "mean"
          ],
          "defaults": {
            "links": [],
            "mappings": [
              {
                "from": "",
                "id": 1,
                "operator": "",
                "text": "0",
                "to": "",
                "type": 1,
                "value": "null"
              }
            ],
            "thresholds": {
              "mode": "absolute",
              "steps": [
                {
                  "color": "blue",
                  "value": null
                },
                {
                  "color": "red",
                  "value": 80
                }
              ]
            },
            "unit": "none"
          },
          "overrides": [],
          "values": false
        },
        "graphMode": "area",
        "justifyMode": "auto",
        "orientation": "auto"
      },
      "pluginVersion": "6.6.2",
      "targets": [
        {
          "alias": "Critical",
          "bucketAggs": [
            {
              "field": "Severity.keyword",
              "id": "2",
              "settings": {
                "min_doc_count": 1,
                "missing": null,
                "order": "desc",
                "orderBy": "_term",
                "size": "0"
              },
              "type": "terms"
            }
          ],
          "metrics": [
            {
              "field": "select field",
              "id": "1",
              "type": "count"
            }
          ],
          "query": "nhgname.keyword:$nhgname AND Dn:$apid AND Severity:warning",
          "refId": "A",
          "timeField": "EventTime"
        }
      ],
      "timeFrom": null,
      "timeShift": null,
      "title": "Warning Alarms",
      "type": "stat"
    },
    {
      "cacheTimeout": null,
      "datasource": "$datasource",
      "description": "Provides the count of cleared alarms",
      "gridPos": {
        "h": 5,
        "w": 4,
        "x": 20,
        "y": 2
      },
      "id": 11,
      "links": [],
      "options": {
        "colorMode": "value",
        "fieldOptions": {
          "calcs": [
            "mean"
          ],
          "defaults": {
            "links": [],
            "mappings": [
              {
                "from": "",
                "id": 1,
                "operator": "",
                "text": "0",
                "to": "",
                "type": 1,
                "value": "null"
              }
            ],
            "thresholds": {
              "mode": "absolute",
              "steps": [
                {
                  "color": "rgb(158, 158, 156)",
                  "value": null
                }
              ]
            },
            "unit": "none"
          },
          "overrides": [],
          "values": false
        },
        "graphMode": "area",
        "justifyMode": "auto",
        "orientation": "auto"
      },
      "pluginVersion": "6.6.2",
      "targets": [
        {
          "alias": "Critical",
          "bucketAggs": [
            {
              "field": "Severity.keyword",
              "id": "2",
              "settings": {
                "min_doc_count": 1,
                "missing": null,
                "order": "desc",
                "orderBy": "_term",
                "size": "0"
              },
              "type": "terms"
            }
          ],
          "metrics": [
            {
              "field": "select field",
              "id": "1",
              "type": "count"
            }
          ],
          "query": "nhgname.keyword:$nhgname AND Dn:$apid AND Severity:cleared OR AlarmState:0",
          "refId": "A",
          "timeField": "EventTime"
        }
      ],
      "timeFrom": null,
      "timeShift": null,
      "title": "Cleared Alarms",
      "type": "stat"
    },
    {
      "columns": [
        {
          "text": "EventTime",
          "value": "EventTime"
        },
        {
          "text": "LastUpdatedTime",
          "value": "LastUpdatedTime"
        },
        {
          "text": "neserialno",
          "value": "neserialno"
        },
        {
          "text": "nename",
          "value": "nename"
        },
        {
          "text": "AlarmIdentifier",
          "value": "AlarmIdentifier"
        },
        {
          "text": "Severity",
          "value": "Severity"
        },
        {
          "text": "SpecificProblem",
          "value": "SpecificProblem"
        },
        {
          "text": "AlarmText",
          "value": "AlarmText"
        },
        {
          "text": "AdditionalText",
          "value": "AdditionalText"
        },
        {
          "text": "ProbableCause",
          "value": "ProbableCause"
        },
        {
          "text": "ManagedObjectInstance",
          "value": "ManagedObjectInstance"
        },
        {
          "text": "nhgname",
          "value": "nhgname"
        }
      ],
      "datasource": "$datasource",
      "description": "This table will show all alarms history across all edges enodeB's",
      "fontSize": "90%",
      "gridPos": {
        "h": 21,
        "w": 24,
        "x": 0,
        "y": 7
      },
      "hideTimeOverride": false,
      "id": 2,
      "interval": "",
      "links": [],
      "options": {},
      "pageSize": 10,
      "scroll": true,
      "showHeader": true,
      "sort": {
        "col": 5,
        "desc": false
      },
      "styles": [
        {
          "alias": "",
          "align": "auto",
          "colorMode": null,
          "colors": [
            "rgba(245, 54, 54, 0.9)",
            "rgba(237, 129, 40, 0.89)",
            "rgba(50, 172, 45, 0.97)"
          ],
          "dateFormat": "YYYY-MM-DD HH:mm:ss",
          "decimals": 2,
          "link": false,
          "mappingType": 1,
          "pattern": "EventTime",
          "thresholds": [],
          "type": "date",
          "unit": "short"
        },
        {
          "alias": "Severity",
          "align": "",
          "colorMode": "row",
          "colors": [
            "#E02F44",
            "#FF780A",
            "#3274D9"
          ],
          "dateFormat": "YYYY-MM-DD HH:mm:ss",
          "decimals": 2,
          "link": false,
          "mappingType": 2,
          "pattern": "Severity",
          "preserveFormat": false,
          "rangeMaps": [],
          "sanitize": false,
          "thresholds": [
            "1",
            "2",
            "3"
          ],
          "type": "string",
          "unit": "short",
          "valueMaps": [
            {
              "text": "critical",
              "value": "critical"
            },
            {
              "text": "major",
              "value": "2"
            },
            {
              "text": "minor",
              "value": "3"
            }
          ]
        },
        {
          "alias": "",
          "align": "auto",
          "colorMode": null,
          "colors": [
            "rgba(245, 54, 54, 0.9)",
            "rgba(237, 129, 40, 0.89)",
            "rgba(50, 172, 45, 0.97)"
          ],
          "dateFormat": "YYYY-MM-DD HH:mm:ss",
          "decimals": 2,
          "mappingType": 1,
          "pattern": "LastUpdatedTime",
          "thresholds": [],
          "type": "date",
          "unit": "short"
        },
        {
          "alias": "Severity",
          "align": "auto",
          "colorMode": "row",
          "colors": [
            "rgba(50, 172, 45, 0.97)",
            "rgba(237, 129, 40, 0.89)",
            "rgba(245, 54, 54, 0.9)"
          ],
          "dateFormat": "YYYY-MM-DD HH:mm:ss",
          "decimals": 2,
          "link": false,
          "mappingType": 1,
          "pattern": "Severity",
          "preserveFormat": false,
          "thresholds": [
            "critical",
            "major",
            "minor"
          ],
          "type": "string",
          "unit": "short"
        }
      ],
      "targets": [
        {
          "bucketAggs": [],
          "metrics": [
            {
              "field": "select field",
              "id": "1",
              "meta": {},
              "settings": {
                "size": 500
              },
              "type": "raw_document"
            }
          ],
          "query": "nhgname.keyword:$nhgname AND Dn:$apid AND Severity:$severity",
          "refId": "A",
          "timeField": "EventTime"
        }
      ],
      "timeFrom": null,
      "timeShift": null,
      "title": "History Alarms",
      "transform": "json",
      "type": "table"
    }
  ],
  "refresh": "1m",
  "schemaVersion": 22,
  "style": "dark",
  "tags": [
    "HistoryAlarmDashboard",
    "RadioAlarms"
  ],
  "templating": {
    "list": [
      {
        "current": {
          "text": "moss-fm",
          "value": "moss-fm"
        },
        "hide": 2,
        "includeAll": false,
        "label": "Data Source",
        "multi": false,
        "name": "datasource",
        "options": [],
        "query": "elasticsearch",
        "refresh": 1,
        "regex": "/.*fm.*/",
        "skipUrlSync": false,
        "type": "datasource"
      },
      {
        "allValue": null,
        "current": {
          "text": "All",
          "value": [
            "$__all"
          ]
        },
        "datasource": "$datasource",
        "definition": "{\"find\": \"terms\", \"field\": \"nhgname.keyword\"}",
        "hide": 0,
        "includeAll": true,
        "label": "NHG Name",
        "multi": true,
        "name": "nhgname",
        "options": [],
        "query": "{\"find\": \"terms\", \"field\": \"nhgname.keyword\"}",
        "refresh": 2,
        "regex": "",
        "skipUrlSync": false,
        "sort": 0,
        "tagValuesQuery": "",
        "tags": [],
        "tagsQuery": "",
        "type": "query",
        "useTags": false
      },
      {
        "allValue": null,
        "current": {
          "text": "All",
          "value": [
            "$__all"
          ]
        },
        "datasource": "$datasource",
        "definition": "{\"find\": \"terms\", \"field\": \"Dn.keyword\", \"query\":\"nhgname.keyword:$nhgname\"}",
        "hide": 0,
        "includeAll": true,
        "label": "AccessPoint ID",
        "multi": true,
        "name": "apid",
        "options": [],
        "query": "{\"find\": \"terms\", \"field\": \"Dn.keyword\", \"query\":\"nhgname.keyword:$nhgname\"}",
        "refresh": 2,
        "regex": "MRBTS-(\\d+).*",
        "skipUrlSync": false,
        "sort": 1,
        "tagValuesQuery": "",
        "tags": [],
        "tagsQuery": "",
        "type": "query",
        "useTags": false
      },
      {
        "allValue": null,
        "current": {
          "text": "All",
          "value": [
            "$__all"
          ]
        },
        "datasource": "moss-fm",
        "definition": "{\"find\": \"terms\", \"field\": \"Severity.keyword\"}",
        "hide": 0,
        "includeAll": true,
        "label": "severity",
        "multi": true,
        "name": "severity",
        "options": [],
        "query": "{\"find\": \"terms\", \"field\": \"Severity.keyword\"}",
        "refresh": 2,
        "regex": "",
        "skipUrlSync": false,
        "sort": 0,
        "tagValuesQuery": "",
        "tags": [],
        "tagsQuery": "",
        "type": "query",
        "useTags": false
      }
    ]
  },
  "time": {
    "from": "now-7d",
    "to": "now"
  },
  "timepicker": {
    "refresh_intervals": [
      "5s",
      "10s",
      "30s",
      "1m",
      "5m",
      "15m",
      "30m",
      "1h",
      "2h",
      "1d"
    ],
    "time_options": [
      "5m",
      "15m",
      "1h",
      "6h",
      "12h",
      "24h",
      "2d",
      "7d",
      "30d"
    ]
  },
  "timezone": "browser",
  "title": "NDAC Radio FM Alarms History Dashboard",
  "version": 1
}