{
  "annotations": {
    "list": [
      {
        "builtIn": 1,
        "datasource": {
          "type": "datasource",
          "uid": "grafana"
        },
        "enable": true,
        "hide": true,
        "iconColor": "rgba(0, 211, 255, 1)",
        "name": "Annotations & Alerts",
        "target": {
          "limit": 100,
          "matchAny": false,
          "tags": [],
          "type": "dashboard"
        },
        "type": "dashboard"
      }
    ]
  },
  "description": "NDAC ALL FM Alarms Dashboard",
  "editable": true,
  "fiscalYearStartMonth": 0,
  "graphTooltip": 0,
  "links": [
    {
      "asDropdown": true,
      "icon": "external link",
      "tags": [
        "Radio4G"
      ],
      "title": "Radio 4G Dashboards",
      "type": "dashboards"
    },
    {
      "asDropdown": true,
      "icon": "external link",
      "tags": [
        "Radio5G"
      ],
      "title": "Radio 5G Dashboards",
      "type": "dashboards"
    },
    {
      "asDropdown": true,
      "icon": "external link",
      "includeVars": false,
      "keepTime": false,
      "tags": [
        "EdgePM"
      ],
      "targetBlank": false,
      "title": "Edge PM Dashboards",
      "tooltip": "",
      "type": "dashboards",
      "url": ""
    },
    {
      "asDropdown": true,
      "icon": "external link",
      "includeVars": false,
      "keepTime": false,
      "tags": [
        "CorePM"
      ],
      "targetBlank": false,
      "title": "CORE PM Dashboards",
      "tooltip": "",
      "type": "dashboards",
      "url": ""
    },
    {
      "asDropdown": true,
      "icon": "external link",
      "includeVars": false,
      "keepTime": false,
      "tags": [
        "IXRPM"
      ],
      "targetBlank": false,
      "title": "IXR PM Dashboards",
      "tooltip": "",
      "type": "dashboards",
      "url": ""
    }
  ],
  "panels": [
    {
      "fieldConfig": {
        "defaults": {},
        "overrides": []
      },
      "gridPos": {
        "h": 1,
        "w": 24,
        "x": 0,
        "y": 0
      },
      "id": 5,
      "options": {
        "code": {
          "language": "plaintext",
          "showLineNumbers": false,
          "showMiniMap": false
        },
        "content": "",
        "mode": "markdown"
      },
      "pluginVersion": "11.6.1",
      "title": "NDAC ALL FM ALARMS DASHBOARD",
      "transparent": true,
      "type": "text"
    },
    {
      "datasource": {
        "type": "grafana-opensearch-datasource",
        "uid": "${datasource}"
      },
      "description": "Provides the count of major alarms",
      "fieldConfig": {
        "defaults": {
          "links": [],
          "mappings": [
            {
              "options": {
                "match": "null",
                "result": {
                  "index": 0,
                  "text": "0"
                }
              },
              "type": "special"
            }
          ],
          "thresholds": {
            "mode": "absolute",
            "steps": [
              {
                "color": "dark-red"
              }
            ]
          },
          "unit": "none"
        },
        "overrides": []
      },
      "gridPos": {
        "h": 5,
        "w": 4,
        "x": 0,
        "y": 1
      },
      "id": 16,
      "options": {
        "colorMode": "value",
        "graphMode": "area",
        "justifyMode": "auto",
        "orientation": "auto",
        "percentChangeColorMode": "standard",
        "reduceOptions": {
          "calcs": [
            "mean"
          ],
          "fields": "",
          "values": false
        },
        "showPercentChange": false,
        "textMode": "auto",
        "wideLayout": true
      },
      "pluginVersion": "11.6.1",
      "targets": [
        {
          "alias": "Critical",
          "bucketAggs": [
            {
              "field": "fm_data.severity.keyword",
              "id": "2",
              "settings": {
                "min_doc_count": 1,
                "order": "desc",
                "orderBy": "_term",
                "size": "0"
              },
              "type": "terms"
            }
          ],
          "datasource": {
            "type": "grafana-opensearch-datasource",
            "uid": "${datasource}"
          },
          "hide": false,
          "metrics": [
            {
              "field": "select field",
              "id": "1",
              "type": "count"
            }
          ],
          "query": "fm_data_source.nhg_alias.keyword:$nhgname AND fm_data.severity:CRITICAL AND fm_data.alarm_state:$alarmstate",
          "queryType": "lucene",
          "refId": "A",
          "timeField": "fm_data.event_time"
        }
      ],
      "title": "Critical Alarms",
      "type": "stat"
    },
    {
      "datasource": {
        "type": "grafana-opensearch-datasource",
        "uid": "${datasource}"
      },
      "description": "Provides the count of major alarms",
      "fieldConfig": {
        "defaults": {
          "links": [],
          "mappings": [
            {
              "options": {
                "match": "null",
                "result": {
                  "index": 0,
                  "text": "0"
                }
              },
              "type": "special"
            }
          ],
          "thresholds": {
            "mode": "absolute",
            "steps": [
              {
                "color": "orange"
              }
            ]
          },
          "unit": "none"
        },
        "overrides": []
      },
      "gridPos": {
        "h": 5,
        "w": 4,
        "x": 4,
        "y": 1
      },
      "id": 9,
      "options": {
        "colorMode": "value",
        "graphMode": "area",
        "justifyMode": "auto",
        "orientation": "auto",
        "percentChangeColorMode": "standard",
        "reduceOptions": {
          "calcs": [
            "mean"
          ],
          "fields": "",
          "values": false
        },
        "showPercentChange": false,
        "textMode": "auto",
        "wideLayout": true
      },
      "pluginVersion": "11.6.1",
      "targets": [
        {
          "alias": "Major",
          "bucketAggs": [
            {
              "field": "fm_data.severity.keyword",
              "id": "2",
              "settings": {
                "min_doc_count": 1,
                "order": "desc",
                "orderBy": "_term",
                "size": "0"
              },
              "type": "terms"
            }
          ],
          "datasource": {
            "type": "grafana-opensearch-datasource",
            "uid": "${datasource}"
          },
          "hide": false,
          "metrics": [
            {
              "field": "select field",
              "id": "1",
              "type": "count"
            }
          ],
          "query": "fm_data_source.nhg_alias.keyword:$nhgname AND fm_data.severity:MAJOR AND fm_data.alarm_state:$alarmstate",
          "queryType": "lucene",
          "refId": "A",
          "timeField": "fm_data.event_time"
        }
      ],
      "title": "Major Alarms",
      "type": "stat"
    },
    {
      "datasource": {
        "type": "grafana-opensearch-datasource",
        "uid": "${datasource}"
      },
      "description": "Provides the count of minor alarms",
      "fieldConfig": {
        "defaults": {
          "links": [],
          "mappings": [
            {
              "options": {
                "match": "null",
                "result": {
                  "index": 0,
                  "text": "0"
                }
              },
              "type": "special"
            }
          ],
          "thresholds": {
            "mode": "absolute",
            "steps": [
              {
                "color": "yellow"
              }
            ]
          },
          "unit": "none"
        },
        "overrides": []
      },
      "gridPos": {
        "h": 5,
        "w": 4,
        "x": 8,
        "y": 1
      },
      "id": 13,
      "options": {
        "colorMode": "value",
        "graphMode": "area",
        "justifyMode": "auto",
        "orientation": "auto",
        "percentChangeColorMode": "standard",
        "reduceOptions": {
          "calcs": [
            "mean"
          ],
          "fields": "",
          "values": false
        },
        "showPercentChange": false,
        "textMode": "auto",
        "wideLayout": true
      },
      "pluginVersion": "11.6.1",
      "targets": [
        {
          "alias": "Critical",
          "bucketAggs": [
            {
              "field": "fm_data.severity.keyword",
              "id": "2",
              "settings": {
                "min_doc_count": 1,
                "order": "desc",
                "orderBy": "_term",
                "size": "0"
              },
              "type": "terms"
            }
          ],
          "datasource": {
            "type": "grafana-opensearch-datasource",
            "uid": "${datasource}"
          },
          "metrics": [
            {
              "field": "select field",
              "id": "1",
              "type": "count"
            }
          ],
          "query": "fm_data_source.nhg_alias.keyword:$nhgname AND fm_data.severity:MINOR AND fm_data.alarm_state:$alarmstate",
          "queryType": "lucene",
          "refId": "A",
          "timeField": "fm_data.event_time"
        }
      ],
      "title": "Minor Alarms",
      "type": "stat"
    },
    {
      "datasource": {
        "type": "grafana-opensearch-datasource",
        "uid": "${datasource}"
      },
      "description": "Provides the count of warning alarms",
      "fieldConfig": {
        "defaults": {
          "links": [],
          "mappings": [
            {
              "options": {
                "match": "null",
                "result": {
                  "index": 0,
                  "text": "0"
                }
              },
              "type": "special"
            }
          ],
          "thresholds": {
            "mode": "absolute",
            "steps": [
              {
                "color": "dark-blue"
              }
            ]
          },
          "unit": "none"
        },
        "overrides": []
      },
      "gridPos": {
        "h": 5,
        "w": 4,
        "x": 12,
        "y": 1
      },
      "id": 14,
      "options": {
        "colorMode": "value",
        "graphMode": "area",
        "justifyMode": "auto",
        "orientation": "auto",
        "percentChangeColorMode": "standard",
        "reduceOptions": {
          "calcs": [
            "mean"
          ],
          "fields": "",
          "values": false
        },
        "showPercentChange": false,
        "textMode": "auto",
        "wideLayout": true
      },
      "pluginVersion": "11.6.1",
      "targets": [
        {
          "alias": "Critical",
          "bucketAggs": [
            {
              "field": "fm_data.severity.keyword",
              "id": "2",
              "settings": {
                "min_doc_count": 1,
                "order": "desc",
                "orderBy": "_term",
                "size": "0"
              },
              "type": "terms"
            }
          ],
          "datasource": {
            "type": "grafana-opensearch-datasource",
            "uid": "${datasource}"
          },
          "metrics": [
            {
              "field": "select field",
              "id": "1",
              "type": "count"
            }
          ],
          "query": "fm_data_source.nhg_alias.keyword:$nhgname AND fm_data.severity:WARNING AND fm_data.alarm_state:$alarmstate",
          "queryType": "lucene",
          "refId": "A",
          "timeField": "fm_data.event_time"
        }
      ],
      "title": "Warning Alarms",
      "type": "stat"
    },
    {
      "datasource": {
        "type": "grafana-opensearch-datasource",
        "uid": "${datasource}"
      },
      "description": "Provides the count of cleared alarms",
      "fieldConfig": {
        "defaults": {
          "links": [],
          "mappings": [
            {
              "options": {
                "match": "null",
                "result": {
                  "index": 0,
                  "text": "0"
                }
              },
              "type": "special"
            }
          ],
          "thresholds": {
            "mode": "absolute",
            "steps": [
              {
                "color": "rgb(158, 158, 156)"
              }
            ]
          },
          "unit": "none"
        },
        "overrides": []
      },
      "gridPos": {
        "h": 5,
        "w": 4,
        "x": 16,
        "y": 1
      },
      "id": 15,
      "options": {
        "colorMode": "value",
        "graphMode": "none",
        "justifyMode": "auto",
        "orientation": "auto",
        "percentChangeColorMode": "standard",
        "reduceOptions": {
          "calcs": [
            "last"
          ],
          "fields": "",
          "values": false
        },
        "showPercentChange": false,
        "textMode": "auto",
        "wideLayout": true
      },
      "pluginVersion": "11.6.1",
      "targets": [
        {
          "bucketAggs": [
            {
              "field": "fm_data.alarm_state.keyword",
              "id": "2",
              "settings": {
                "min_doc_count": 1,
                "order": "desc",
                "orderBy": "_term",
                "size": "0"
              },
              "type": "terms"
            }
          ],
          "datasource": {
            "type": "grafana-opensearch-datasource",
            "uid": "${datasource}"
          },
          "metrics": [
            {
              "field": "select field",
              "id": "1",
              "type": "count"
            }
          ],
          "query": "fm_data_source.nhg_alias.keyword:$nhgname AND fm_data.alarm_state:CLEARED",
          "queryType": "lucene",
          "refId": "A",
          "timeField": "fm_data.event_time"
        }
      ],
      "title": "Cleared Alarms",
      "type": "stat"
    },
    {
      "datasource": {
        "type": "grafana-opensearch-datasource",
        "uid": "${datasource}"
      },
      "description": "Provides the count of active alarms",
      "fieldConfig": {
        "defaults": {
          "links": [],
          "mappings": [
            {
              "options": {
                "match": "null",
                "result": {
                  "index": 0,
                  "text": "0"
                }
              },
              "type": "special"
            }
          ],
          "thresholds": {
            "mode": "absolute",
            "steps": [
              {
                "color": "dark-red"
              }
            ]
          },
          "unit": "none"
        },
        "overrides": []
      },
      "gridPos": {
        "h": 5,
        "w": 4,
        "x": 20,
        "y": 1
      },
      "id": 11,
      "options": {
        "colorMode": "value",
        "graphMode": "none",
        "justifyMode": "auto",
        "orientation": "auto",
        "percentChangeColorMode": "standard",
        "reduceOptions": {
          "calcs": [
            "last"
          ],
          "fields": "",
          "values": false
        },
        "showPercentChange": false,
        "textMode": "auto",
        "wideLayout": true
      },
      "pluginVersion": "11.6.1",
      "targets": [
        {
          "bucketAggs": [
            {
              "field": "fm_data.alarm_state.keyword",
              "id": "2",
              "settings": {
                "min_doc_count": 1,
                "order": "desc",
                "orderBy": "_term",
                "size": "0"
              },
              "type": "terms"
            }
          ],
          "datasource": {
            "type": "grafana-opensearch-datasource",
            "uid": "${datasource}"
          },
          "metrics": [
            {
              "field": "select field",
              "id": "1",
              "type": "count"
            }
          ],
          "query": "fm_data_source.nhg_alias.keyword:$nhgname AND fm_data.alarm_state:ACTIVE",
          "queryType": "lucene",
          "refId": "A",
          "timeField": "fm_data.event_time"
        }
      ],
      "title": "Active Alarms",
      "type": "stat"
    },
    {
      "datasource": {
        "type": "grafana-opensearch-datasource",
        "uid": "${datasource}"
      },
      "description": "This table will show all alarms history across all edges enodeB's",
      "fieldConfig": {
        "defaults": {
          "color": {
            "mode": "thresholds"
          },
          "custom": {
            "align": "left",
            "cellOptions": {
              "type": "auto"
            },
            "filterable": false,
            "inspect": false
          },
          "mappings": [],
          "thresholds": {
            "mode": "absolute",
            "steps": [
              {
                "color": "green"
              },
              {
                "color": "red",
                "value": 80
              }
            ]
          }
        },
        "overrides": [
          {
            "matcher": {
              "id": "byName",
              "options": "EventTime"
            },
            "properties": [
              {
                "id": "unit",
                "value": "dateTimeAsLocal"
              },
              {
                "id": "custom.width",
                "value": 177
              }
            ]
          },
          {
            "matcher": {
              "id": "byName",
              "options": "LastUpdatedTime"
            },
            "properties": [
              {
                "id": "unit",
                "value": "dateTimeAsLocal"
              },
              {
                "id": "custom.width",
                "value": 182
              }
            ]
          },
          {
            "matcher": {
              "id": "byName",
              "options": "DN"
            },
            "properties": [
              {
                "id": "unit",
                "value": "string"
              }
            ]
          },
          {
            "matcher": {
              "id": "byName",
              "options": "AlarmID"
            },
            "properties": [
              {
                "id": "unit",
                "value": "none"
              }
            ]
          },
          {
            "matcher": {
              "id": "byName",
              "options": "Severity"
            },
            "properties": [
              {
                "id": "unit",
                "value": "string"
              },
              {
                "id": "custom.width",
                "value": 87
              }
            ]
          },
          {
            "matcher": {
              "id": "byName",
              "options": "AlarmText"
            },
            "properties": [
              {
                "id": "unit",
                "value": "string"
              }
            ]
          },
          {
            "matcher": {
              "id": "byName",
              "options": "EdgeID"
            },
            "properties": [
              {
                "id": "unit",
                "value": "string"
              }
            ]
          },
          {
            "matcher": {
              "id": "byName",
              "options": "NHGName"
            },
            "properties": [
              {
                "id": "unit",
                "value": "string"
              }
            ]
          },
          {
            "matcher": {
              "id": "byName",
              "options": "AlarmState"
            },
            "properties": [
              {
                "id": "unit",
                "value": "string"
              },
              {
                "id": "custom.width",
                "value": 94
              }
            ]
          },
          {
            "matcher": {
              "id": "byName",
              "options": "AlarmID"
            },
            "properties": [
              {
                "id": "custom.width",
                "value": 155
              }
            ]
          },
          {
            "matcher": {
              "id": "byName",
              "options": "ClearAlarmTime"
            },
            "properties": [
              {
                "id": "unit",
                "value": "dateTimeAsLocal"
              },
              {
                "id": "custom.width",
                "value": 182
              }
            ]
          },
          {
            "matcher": {
              "id": "byName",
              "options": "RadioSpecProb"
            },
            "properties": [
              {
                "id": "custom.width",
                "value": 120
              }
            ]
          }
        ]
      },
      "gridPos": {
        "h": 21,
        "w": 24,
        "x": 0,
        "y": 6
      },
      "id": 2,
      "options": {
        "cellHeight": "sm",
        "footer": {
          "countRows": false,
          "enablePagination": true,
          "fields": "",
          "reducer": [
            "sum"
          ],
          "show": false
        },
        "showHeader": true,
        "sortBy": []
      },
      "pluginVersion": "11.6.1",
      "targets": [
        {
          "bucketAggs": [],
          "datasource": {
            "type": "grafana-opensearch-datasource",
            "uid": "${datasource}"
          },
          "hide": false,
          "metrics": [
            {
              "id": "1",
              "settings": {
                "size": "500",
                "useTimeRange": true
              },
              "type": "raw_data"
            }
          ],
          "query": "fm_data_source.nhg_alias.keyword:$nhgname AND fm_data.severity:$severity AND fm_data.alarm_state:$alarmstate",
          "queryType": "lucene",
          "refId": "A",
          "timeField": "fm_data.event_time"
        }
      ],
      "title": "History Alarms",
      "transformations": [
        {
          "id": "organize",
          "options": {
            "excludeByName": {
              "_id": true,
              "_index": true,
              "_type": true,
              "fm_data.additional_text": true,
              "fm_data.clear_alarm_time": false,
              "fm_data.clear_text": true,
              "fm_data.event_type": true,
              "fm_data.fault_id": true,
              "fm_data.notification_type": true,
              "fm_data.probable_cause": true,
              "fm_data.specific_problem": false,
              "fm_data_source.ap_id": true,
              "fm_data_source.app_id": true,
              "fm_data_source.app_name": true,
              "fm_data_source.cluster_id": true,
              "fm_data_source.dc_id": true,
              "fm_data_source.dc_name": true,
              "fm_data_source.edge_alias": true,
              "fm_data_source.edge_hostname": true,
              "fm_data_source.hw_alias": true,
              "fm_data_source.hw_id": true,
              "fm_data_source.nhg_alias": false,
              "fm_data_source.nhg_id": true,
              "fm_data_source.serial_no": true,
              "fm_data_source.slice_id": true,
              "fm_data_source.technology": true,
              "timestamp": true
            },
            "includeByName": {},
            "indexByName": {
              "_id": 12,
              "_index": 13,
              "_type": 14,
              "fm_data.additional_text": 15,
              "fm_data.alarm_identifier": 4,
              "fm_data.alarm_state": 11,
              "fm_data.alarm_text": 6,
              "fm_data.clear_alarm_time": 16,
              "fm_data.clear_text": 17,
              "fm_data.event_time": 0,
              "fm_data.event_type": 18,
              "fm_data.fault_id": 19,
              "fm_data.last_updated_time": 1,
              "fm_data.notification_type": 20,
              "fm_data.probable_cause": 21,
              "fm_data.severity": 5,
              "fm_data.specific_problem": 7,
              "fm_data_source.ap_id": 22,
              "fm_data_source.app_id": 23,
              "fm_data_source.app_name": 24,
              "fm_data_source.cluster_id": 25,
              "fm_data_source.dc_id": 26,
              "fm_data_source.dc_name": 27,
              "fm_data_source.dn": 3,
              "fm_data_source.edge_alias": 28,
              "fm_data_source.edge_hostname": 2,
              "fm_data_source.edge_id": 8,
              "fm_data_source.hw_alias": 29,
              "fm_data_source.hw_id": 30,
              "fm_data_source.nhg_alias": 9,
              "fm_data_source.nhg_id": 10,
              "fm_data_source.serial_no": 31,
              "fm_data_source.slice_id": 32,
              "fm_data_source.technology": 33,
              "timestamp": 34
            },
            "renameByName": {
              "fm_data.alarm_identifier": "AlarmID",
              "fm_data.alarm_state": "AlarmState",
              "fm_data.alarm_text": "AlarmText",
              "fm_data.clear_alarm_time": "ClearAlarmTime",
              "fm_data.clear_text": "ClearText",
              "fm_data.event_time": "EventTime",
              "fm_data.last_updated_time": "LastUpdatedTime",
              "fm_data.severity": "Severity",
              "fm_data.specific_problem": "RadioSpecProb",
              "fm_data_source.dn": "DN",
              "fm_data_source.edge_id": "EdgeID",
              "fm_data_source.nhg_alias": "NHGName"
            }
          }
        }
      ],
      "type": "table"
    }
  ],
  "preload": true,
  "refresh": "1m",
  "schemaVersion": 40,
  "tags": [
    "AllAlarms"
  ],
  "templating": {
    "list": [
      {
        "current": {
          "text": "dac-all-fm",
          "value": "dac-all-fm"
        },
        "includeAll": false,
        "label": "Alarm Type",
        "name": "alarmType",
        "options": [
          {
            "selected": true,
            "text": "All",
            "value": "dac-all-fm"
          },
          {
            "selected": false,
            "text": "RADIO",
            "value": "dac-radio-fm"
          },
          {
            "selected": false,
            "text": "DAC",
            "value": "dac-fm"
          },
          {
            "selected": false,
            "text": "CORE",
            "value": "dac-core-fm"
          },
          {
            "selected": false,
            "text": "IXR",
            "value": "dac-ixr-fm"
          },
          {
            "selected": false,
            "text": "APPLICATION",
            "value": "dac-application-fm"
          }
        ],
        "query": "All : dac-all-fm, RADIO : dac-radio-fm, DAC : dac-fm, CORE : dac-core-fm, IXR : dac-ixr-fm, APPLICATION : dac-application-fm",
        "type": "custom"
      },
      {
        "current": {
          "text": "dac-all-fm",
          "value": "dac-all-fm"
        },
        "hide": 2,
        "includeAll": false,
        "label": "Data Source",
        "name": "datasource",
        "options": [],
        "query": "grafana-opensearch-datasource",
        "refresh": 1,
        "regex": "$alarmType",
        "type": "datasource"
      },
      {
        "current": {
          "text": "All",
          "value": [
            "$__all"
          ]
        },
        "datasource": {
          "type": "grafana-opensearch-datasource",
          "uid": "${datasource}"
        },
        "definition": "{\"find\": \"terms\", \"field\": \"fm_data_source.nhg_alias.keyword\"}",
        "includeAll": true,
        "label": "Network Hw Group Name",
        "multi": true,
        "name": "nhgname",
        "options": [],
        "query": "{\"find\": \"terms\", \"field\": \"fm_data_source.nhg_alias.keyword\"}",
        "refresh": 2,
        "regex": "",
        "type": "query"
      },
      {
        "current": {
          "text": "All",
          "value": [
            "$__all"
          ]
        },
        "datasource": {
          "type": "grafana-opensearch-datasource",
          "uid": "${datasource}"
        },
        "definition": "{\"find\": \"terms\", \"field\": \"fm_data.severity.keyword\"}",
        "includeAll": true,
        "label": "Severity",
        "multi": true,
        "name": "severity",
        "options": [],
        "query": "{\"find\": \"terms\", \"field\": \"fm_data.severity.keyword\"}",
        "refresh": 2,
        "regex": "",
        "type": "query"
      },
      {
        "current": {
          "text": "All",
          "value": [
            "$__all"
          ]
        },
        "datasource": {
          "type": "grafana-opensearch-datasource",
          "uid": "${datasource}"
        },
        "definition": "{\"find\": \"terms\", \"field\": \"fm_data.alarm_state.keyword\"}",
        "includeAll": true,
        "label": "Alarm State",
        "multi": true,
        "name": "alarmstate",
        "options": [],
        "query": "{\"find\": \"terms\", \"field\": \"fm_data.alarm_state.keyword\"}",
        "refresh": 2,
        "regex": "",
        "type": "query"
      }
    ]
  },
  "time": {
    "from": "now-7d",
    "to": "now"
  },
  "timepicker": {},
  "timezone": "browser",
  "title": "NDAC ALL FM Alarms Dashboard",
  "uid": "allalarm",
  "weekStart": ""
}