{
  "annotations": {
    "list": [
      {
        "builtIn": 1,
        "datasource": {
          "type": "datasource",
          "uid": "grafana"
        },
        "enable": true,
        "hide": true,
        "iconColor": "rgba(0, 211, 255, 1)",
        "name": "Annotations & Alerts",
        "target": {
          "limit": 100,
          "matchAny": false,
          "tags": [],
          "type": "dashboard"
        },
        "type": "dashboard"
      }
    ]
  },
  "editable": true,
  "fiscalYearStartMonth": 0,
  "graphTooltip": 0,
  "links": [
    {
      "asDropdown": true,
      "icon": "external link",
      "tags": [
        "Radio5G"
      ],
      "title": "Radio 5G Dashboards",
      "type": "dashboards"
    },
    {
      "asDropdown": true,
      "icon": "external link",
      "tags": [
        "Radio4G"
      ],
      "title": "Radio 4G Dashboards",
      "type": "dashboards"
    },
    {
      "asDropdown": true,
      "icon": "external link",
      "includeVars": false,
      "keepTime": false,
      "tags": [
        "EdgePM"
      ],
      "targetBlank": false,
      "title": "Edge PM Dashboards",
      "tooltip": "",
      "type": "dashboards",
      "url": ""
    },
    {
      "asDropdown": true,
      "icon": "external link",
      "includeVars": false,
      "keepTime": false,
      "tags": [
        "CorePM"
      ],
      "targetBlank": false,
      "title": "CORE PM Dashboards",
      "tooltip": "",
      "type": "dashboards",
      "url": ""
    },
    {
      "asDropdown": true,
      "icon": "external link",
      "includeVars": false,
      "keepTime": false,
      "tags": [
        "IXRPM"
      ],
      "targetBlank": false,
      "title": "IXR PM Dashboards",
      "tooltip": "",
      "type": "dashboards",
      "url": ""
    },
    {
      "asDropdown": true,
      "icon": "external link",
      "includeVars": false,
      "keepTime": false,
      "tags": [
        "AllAlarms"
      ],
      "targetBlank": false,
      "title": "Alarms Dashboard",
      "tooltip": "",
      "type": "dashboards",
      "url": ""
    }
  ],
  "panels": [
    {
      "datasource": {
        "type": "grafana-opensearch-datasource",
        "uid": "${datasource}"
      },
      "description": "This KPI shows the maximum utilization ratio of PDSCH PRBs per cell per resource group.",
      "fieldConfig": {
        "defaults": {
          "color": {
            "mode": "palette-classic"
          },
          "custom": {
            "axisBorderShow": false,
            "axisCenteredZero": false,
            "axisColorMode": "text",
            "axisLabel": "",
            "axisPlacement": "auto",
            "barAlignment": 0,
            "barWidthFactor": 0.6,
            "drawStyle": "line",
            "fillOpacity": 10,
            "gradientMode": "none",
            "hideFrom": {
              "legend": false,
              "tooltip": false,
              "viz": false
            },
            "insertNulls": false,
            "lineInterpolation": "linear",
            "lineWidth": 1,
            "pointSize": 6,
            "scaleDistribution": {
              "type": "linear"
            },
            "showPoints": "always",
            "spanNulls": false,
            "stacking": {
              "group": "A",
              "mode": "none"
            },
            "thresholdsStyle": {
              "mode": "off"
            }
          },
          "links": [],
          "mappings": [],
          "thresholds": {
            "mode": "absolute",
            "steps": [
              {
                "color": "green"
              },
              {
                "color": "red",
                "value": 80
              }
            ]
          },
          "unit": "percent"
        },
        "overrides": []
      },
      "gridPos": {
        "h": 7,
        "w": 24,
        "x": 0,
        "y": 0
      },
      "id": 7,
      "interval": "$agg",
      "options": {
        "legend": {
          "calcs": [],
          "displayMode": "list",
          "placement": "bottom",
          "showLegend": true
        },
        "tooltip": {
          "hideZeros": false,
          "maxHeight": 600,
          "mode": "multi",
          "sort": "none"
        }
      },
      "pluginVersion": "11.6.1",
      "targets": [
        {
          "bucketAggs": [
            {
              "fake": true,
              "field": "$groupby",
              "id": "7",
              "settings": {
                "min_doc_count": 1,
                "order": "desc",
                "orderBy": "_term",
                "size": "0"
              },
              "type": "terms"
            },
            {
              "field": "pm_data_source.end_timestamp",
              "id": "2",
              "settings": {
                "interval": "$agg",
                "min_doc_count": 1,
                "trimEdges": 0
              },
              "type": "date_histogram"
            }
          ],
          "datasource": {
            "type": "grafana-opensearch-datasource",
            "uid": "${datasource}"
          },
          "metrics": [
            {
              "field": "pm_data.NCUPNRG_M55910C00002",
              "hide": true,
              "id": "3",
              "meta": {},
              "settings": {},
              "type": "avg"
            },
            {
              "field": "pm_data.NCUPNRG_M55910C00002",
              "hide": true,
              "id": "30",
              "type": "max"
            },
            {
              "id": "31",
              "pipelineVariables": [
                {
                  "name": "am55910c00002",
                  "pipelineAgg": "3"
                },
                {
                  "name": "m55910c00002",
                  "pipelineAgg": "30"
                }
              ],
              "settings": {
                "script": "if (params.am55910c00002 == null) { return null } else { return params.m55910c00002 }"
              },
              "type": "bucket_script"
            }
          ],
          "query": "pm_data_source.nhg_alias.keyword:$nhgname AND pm_data_source.dn:$ap_id AND pm_data_source.dn:*NRCELL*",
          "refId": "A",
          "timeField": "pm_data_source.end_timestamp"
        }
      ],
      "title": "NR_5965a 5G Maximum utilization ratio of PDSCH PRBs per cell per resource group [%]",
      "transformations": [
        {
          "id": "seriesToRows",
          "options": {}
        },
        {
          "id": "prepareTimeSeries",
          "options": {
            "format": "multi"
          }
        },
        {
          "id": "renameByRegex",
          "options": {
            "regex": "([^\\s,]*NRCELL-[0-9]*).*",
            "renamePattern": "$1"
          }
        },
        {
          "id": "seriesToRows",
          "options": {}
        },
        {
          "id": "prepareTimeSeries",
          "options": {
            "format": "multi"
          }
        }
      ],
      "type": "timeseries"
    },
    {
      "datasource": {
        "type": "grafana-opensearch-datasource",
        "uid": "${datasource}"
      },
      "description": "This KPI shows the maximum utilization ratio of PUSCH PRBs per cell per resource group.\n",
      "fieldConfig": {
        "defaults": {
          "color": {
            "mode": "palette-classic"
          },
          "custom": {
            "axisBorderShow": false,
            "axisCenteredZero": false,
            "axisColorMode": "text",
            "axisLabel": "",
            "axisPlacement": "auto",
            "barAlignment": 0,
            "barWidthFactor": 0.6,
            "drawStyle": "line",
            "fillOpacity": 10,
            "gradientMode": "none",
            "hideFrom": {
              "legend": false,
              "tooltip": false,
              "viz": false
            },
            "insertNulls": false,
            "lineInterpolation": "linear",
            "lineWidth": 1,
            "pointSize": 6,
            "scaleDistribution": {
              "type": "linear"
            },
            "showPoints": "always",
            "spanNulls": false,
            "stacking": {
              "group": "A",
              "mode": "none"
            },
            "thresholdsStyle": {
              "mode": "off"
            }
          },
          "links": [],
          "mappings": [],
          "thresholds": {
            "mode": "absolute",
            "steps": [
              {
                "color": "green"
              },
              {
                "color": "red",
                "value": 80
              }
            ]
          },
          "unit": "percent"
        },
        "overrides": []
      },
      "gridPos": {
        "h": 7,
        "w": 24,
        "x": 0,
        "y": 7
      },
      "id": 4,
      "interval": "$agg",
      "options": {
        "legend": {
          "calcs": [],
          "displayMode": "list",
          "placement": "bottom",
          "showLegend": true
        },
        "tooltip": {
          "hideZeros": false,
          "maxHeight": 600,
          "mode": "multi",
          "sort": "none"
        }
      },
      "pluginVersion": "11.6.1",
      "targets": [
        {
          "bucketAggs": [
            {
              "fake": true,
              "field": "$groupby",
              "id": "7",
              "settings": {
                "min_doc_count": 1,
                "order": "desc",
                "orderBy": "_term",
                "size": "0"
              },
              "type": "terms"
            },
            {
              "field": "pm_data_source.end_timestamp",
              "id": "2",
              "settings": {
                "interval": "$agg",
                "min_doc_count": 1,
                "trimEdges": 0
              },
              "type": "date_histogram"
            }
          ],
          "datasource": {
            "type": "grafana-opensearch-datasource",
            "uid": "${datasource}"
          },
          "metrics": [
            {
              "field": "pm_data.NCUPNRG_M55910C00004",
              "hide": true,
              "id": "3",
              "meta": {},
              "settings": {},
              "type": "avg"
            },
            {
              "field": "pm_data.NCUPNRG_M55910C00004",
              "hide": true,
              "id": "30",
              "type": "max"
            },
            {
              "id": "31",
              "pipelineVariables": [
                {
                  "name": "am55910c00004",
                  "pipelineAgg": "3"
                },
                {
                  "name": "m55910c00004",
                  "pipelineAgg": "30"
                }
              ],
              "settings": {
                "script": "if (params.am55910c00004 == null) { return null } else { return params.m55910c00004 }"
              },
              "type": "bucket_script"
            }
          ],
          "query": "pm_data_source.nhg_alias.keyword:$nhgname AND pm_data_source.dn:$ap_id AND pm_data_source.dn:*NRCELL*",
          "refId": "A",
          "timeField": "pm_data_source.end_timestamp"
        }
      ],
      "title": "NR_5966a 5G Maximum utilization ratio of PUSCH PRBs per cell per resource group [%]",
      "transformations": [
        {
          "id": "seriesToRows",
          "options": {}
        },
        {
          "id": "prepareTimeSeries",
          "options": {
            "format": "multi"
          }
        },
        {
          "id": "renameByRegex",
          "options": {
            "regex": "([^\\s,]*NRCELL-[0-9]*).*",
            "renamePattern": "$1"
          }
        },
        {
          "id": "seriesToRows",
          "options": {}
        },
        {
          "id": "prepareTimeSeries",
          "options": {
            "format": "multi"
          }
        }
      ],
      "type": "timeseries"
    },
    {
      "datasource": {
        "type": "grafana-opensearch-datasource",
        "uid": "${datasource}"
      },
      "description": "This KPI shows the average utilization of PDSCH PRBs for slice-aware traffic per cell.",
      "fieldConfig": {
        "defaults": {
          "color": {
            "mode": "palette-classic"
          },
          "custom": {
            "axisBorderShow": false,
            "axisCenteredZero": false,
            "axisColorMode": "text",
            "axisLabel": "",
            "axisPlacement": "auto",
            "barAlignment": 0,
            "barWidthFactor": 0.6,
            "drawStyle": "line",
            "fillOpacity": 10,
            "gradientMode": "none",
            "hideFrom": {
              "legend": false,
              "tooltip": false,
              "viz": false
            },
            "insertNulls": false,
            "lineInterpolation": "linear",
            "lineWidth": 1,
            "pointSize": 6,
            "scaleDistribution": {
              "type": "linear"
            },
            "showPoints": "always",
            "spanNulls": false,
            "stacking": {
              "group": "A",
              "mode": "none"
            },
            "thresholdsStyle": {
              "mode": "off"
            }
          },
          "links": [],
          "mappings": [],
          "thresholds": {
            "mode": "absolute",
            "steps": [
              {
                "color": "green"
              },
              {
                "color": "red",
                "value": 80
              }
            ]
          },
          "unit": "percent"
        },
        "overrides": []
      },
      "gridPos": {
        "h": 7,
        "w": 24,
        "x": 0,
        "y": 14
      },
      "id": 5,
      "interval": "$agg",
      "options": {
        "legend": {
          "calcs": [],
          "displayMode": "list",
          "placement": "bottom",
          "showLegend": true
        },
        "tooltip": {
          "hideZeros": false,
          "maxHeight": 600,
          "mode": "multi",
          "sort": "none"
        }
      },
      "pluginVersion": "11.6.1",
      "targets": [
        {
          "bucketAggs": [
            {
              "fake": true,
              "field": "$groupby",
              "id": "7",
              "settings": {
                "min_doc_count": 1,
                "order": "desc",
                "orderBy": "_term",
                "size": "0"
              },
              "type": "terms"
            },
            {
              "field": "pm_data_source.end_timestamp",
              "id": "2",
              "settings": {
                "interval": "$agg",
                "min_doc_count": 1,
                "trimEdges": 0
              },
              "type": "date_histogram"
            }
          ],
          "datasource": {
            "type": "grafana-opensearch-datasource",
            "uid": "${datasource}"
          },
          "metrics": [
            {
              "field": "pm_data.NCUPNRG_M55910C00001",
              "hide": true,
              "id": "3",
              "meta": {},
              "settings": {},
              "type": "avg"
            },
            {
              "field": "pm_data.NCUPNRG_M55910C00001",
              "hide": true,
              "id": "30",
              "type": "sum"
            },
            {
              "field": "pm_data.NCELA_M55308C10013",
              "hide": true,
              "id": "31",
              "type": "avg"
            },
            {
              "field": "pm_data.NCELA_M55308C10013",
              "hide": true,
              "id": "32",
              "type": "sum"
            },
            {
              "id": "33",
              "pipelineVariables": [
                {
                  "name": "am55910c00001",
                  "pipelineAgg": "3"
                },
                {
                  "name": "m55910c00001",
                  "pipelineAgg": "30"
                },
                {
                  "name": "am55308c10013",
                  "pipelineAgg": "31"
                },
                {
                  "name": "m55308c10013",
                  "pipelineAgg": "32"
                }
              ],
              "settings": {
                "script": "if (params.am55910c00001 == null || params.am55308c10013 == null) { return null } else if (params.m55308c10013 == 0) { return 0 } else { return 100*(params.m55910c00001/params.m55308c10013) }"
              },
              "type": "bucket_script"
            }
          ],
          "query": "pm_data_source.nhg_alias.keyword:$nhgname AND pm_data_source.dn:$ap_id AND pm_data_source.dn:*NRCELL*",
          "refId": "A",
          "timeField": "pm_data_source.end_timestamp"
        }
      ],
      "title": "NR_5967a 5G Average utilization of PDSCH PRBs for slice-aware traffic [%]",
      "transformations": [
        {
          "id": "seriesToRows",
          "options": {}
        },
        {
          "id": "prepareTimeSeries",
          "options": {
            "format": "multi"
          }
        },
        {
          "id": "renameByRegex",
          "options": {
            "regex": "([^\\s,]*NRCELL-[0-9]*).*",
            "renamePattern": "$1"
          }
        },
        {
          "id": "seriesToRows",
          "options": {}
        },
        {
          "id": "prepareTimeSeries",
          "options": {
            "format": "multi"
          }
        }
      ],
      "type": "timeseries"
    },
    {
      "datasource": {
        "type": "grafana-opensearch-datasource",
        "uid": "${datasource}"
      },
      "description": "This KPI shows the average utilization of PUSCH PRBs for slice-aware traffic per cell.",
      "fieldConfig": {
        "defaults": {
          "color": {
            "mode": "palette-classic"
          },
          "custom": {
            "axisBorderShow": false,
            "axisCenteredZero": false,
            "axisColorMode": "text",
            "axisLabel": "",
            "axisPlacement": "auto",
            "barAlignment": 0,
            "barWidthFactor": 0.6,
            "drawStyle": "line",
            "fillOpacity": 10,
            "gradientMode": "none",
            "hideFrom": {
              "legend": false,
              "tooltip": false,
              "viz": false
            },
            "insertNulls": false,
            "lineInterpolation": "linear",
            "lineWidth": 1,
            "pointSize": 6,
            "scaleDistribution": {
              "type": "linear"
            },
            "showPoints": "always",
            "spanNulls": false,
            "stacking": {
              "group": "A",
              "mode": "none"
            },
            "thresholdsStyle": {
              "mode": "off"
            }
          },
          "links": [],
          "mappings": [],
          "thresholds": {
            "mode": "absolute",
            "steps": [
              {
                "color": "green"
              },
              {
                "color": "red",
                "value": 80
              }
            ]
          },
          "unit": "percent"
        },
        "overrides": []
      },
      "gridPos": {
        "h": 7,
        "w": 24,
        "x": 0,
        "y": 21
      },
      "id": 6,
      "interval": "$agg",
      "options": {
        "legend": {
          "calcs": [],
          "displayMode": "list",
          "placement": "bottom",
          "showLegend": true
        },
        "tooltip": {
          "hideZeros": false,
          "maxHeight": 600,
          "mode": "multi",
          "sort": "none"
        }
      },
      "pluginVersion": "11.6.1",
      "targets": [
        {
          "bucketAggs": [
            {
              "fake": true,
              "field": "$groupby",
              "id": "7",
              "settings": {
                "min_doc_count": 1,
                "order": "desc",
                "orderBy": "_term",
                "size": "0"
              },
              "type": "terms"
            },
            {
              "field": "pm_data_source.end_timestamp",
              "id": "2",
              "settings": {
                "interval": "$agg",
                "min_doc_count": 1,
                "trimEdges": 0
              },
              "type": "date_histogram"
            }
          ],
          "datasource": {
            "type": "grafana-opensearch-datasource",
            "uid": "${datasource}"
          },
          "metrics": [
            {
              "field": "pm_data.NCUPNRG_M55910C00003",
              "hide": true,
              "id": "3",
              "meta": {},
              "settings": {},
              "type": "avg"
            },
            {
              "field": "pm_data.NCUPNRG_M55910C00003",
              "hide": true,
              "id": "30",
              "type": "sum"
            },
            {
              "field": "pm_data.NCELA_M55308C10012",
              "hide": true,
              "id": "31",
              "type": "avg"
            },
            {
              "field": "pm_data.NCELA_M55308C10012",
              "hide": true,
              "id": "32",
              "type": "sum"
            },
            {
              "hide": false,
              "id": "33",
              "pipelineVariables": [
                {
                  "name": "am55910c00003",
                  "pipelineAgg": "3"
                },
                {
                  "name": "m55910c00003",
                  "pipelineAgg": "30"
                },
                {
                  "name": "am55308c10012",
                  "pipelineAgg": "31"
                },
                {
                  "name": "m55308c10012",
                  "pipelineAgg": "32"
                }
              ],
              "settings": {
                "script": "if (params.am55910c00003 == null || params.am55308c10012 == null) { return null } else if (params.m55308c10012 == 0) { return 0 } else { return 100*(params.m55910c00003/params.m55308c10012) }"
              },
              "type": "bucket_script"
            }
          ],
          "query": "pm_data_source.nhg_alias.keyword:$nhgname AND pm_data_source.dn:$ap_id AND pm_data_source.dn:*NRCELL*",
          "refId": "A",
          "timeField": "pm_data_source.end_timestamp"
        }
      ],
      "title": "NR_5968a 5G Average utilization of PUSCH PRBs for slice-aware traffic [%]",
      "transformations": [
        {
          "id": "seriesToRows",
          "options": {}
        },
        {
          "id": "prepareTimeSeries",
          "options": {
            "format": "multi"
          }
        },
        {
          "id": "renameByRegex",
          "options": {
            "regex": "([^\\s,]*NRCELL-[0-9]*).*",
            "renamePattern": "$1"
          }
        },
        {
          "id": "seriesToRows",
          "options": {}
        },
        {
          "id": "prepareTimeSeries",
          "options": {
            "format": "multi"
          }
        }
      ],
      "type": "timeseries"
    }
  ],
  "preload": true,
  "refresh": "15m",
  "schemaVersion": 40,
  "tags": [
    "Radio5G"
  ],
  "templating": {
    "list": [
      {
        "current": {
          "text": "dac-radio-5g-pm",
          "value": "dac-radio-5g-pm"
        },
        "hide": 2,
        "includeAll": false,
        "label": "Data Source",
        "name": "datasource",
        "options": [],
        "query": "grafana-opensearch-datasource",
        "refresh": 1,
        "regex": "dac-radio-5g-pm",
        "type": "datasource"
      },
      {
        "current": {
          "text": "Moss-GR",
          "value": "Moss-GR"
        },
        "datasource": {
          "type": "grafana-opensearch-datasource",
          "uid": "${datasource}"
        },
        "definition": "{\"find\": \"terms\", \"field\": \"pm_data_source.nhg_alias.keyword\"}",
        "includeAll": false,
        "label": "Network Hw Group Name",
        "name": "nhgname",
        "options": [],
        "query": "{\"find\": \"terms\", \"field\": \"pm_data_source.nhg_alias.keyword\"}",
        "refresh": 2,
        "regex": "",
        "type": "query"
      },
      {
        "current": {
          "text": "All",
          "value": "$__all"
        },
        "datasource": {
          "type": "grafana-opensearch-datasource",
          "uid": "${datasource}"
        },
        "definition": "{\"find\": \"terms\", \"field\": \"pm_data_source.dn.keyword\", \"query\":\"pm_data_source.nhg_alias.keyword:$nhgname AND (pm_data_source.dn:*NRCEL* OR pm_data_source.dn:*NRBTS*)\"}",
        "includeAll": true,
        "label": "Access Point ID",
        "multi": true,
        "name": "ap_id",
        "options": [],
        "query": "{\"find\": \"terms\", \"field\": \"pm_data_source.dn.keyword\", \"query\":\"pm_data_source.nhg_alias.keyword:$nhgname AND (pm_data_source.dn:*NRCEL* OR pm_data_source.dn:*NRBTS*)\"}",
        "refresh": 2,
        "regex": ".*MRBTS-(\\d+).*",
        "type": "query"
      },
      {
        "current": {
          "selected": false,
          "text": "Cell",
          "value": "pm_data_source.dn.keyword"
        },
        "includeAll": false,
        "label": "Object Level",
        "name": "groupby",
        "options": [
          {
            "selected": false,
            "text": "gNB",
            "value": "pm_data_source.hw_id.keyword"
          },
          {
            "selected": true,
            "text": "Cell",
            "value": "pm_data_source.dn.keyword"
          }
        ],
        "query": "gNB : pm_data_source.hw_id.keyword, Cell : pm_data_source.dn.keyword",
        "type": "custom"
      },
      {
        "current": {
          "text": "15m",
          "value": "15m"
        },
        "description": "The interval is used to aggregate the metrics over time.",
        "includeAll": false,
        "label": "Aggregation",
        "name": "agg",
        "options": [
          {
            "selected": true,
            "text": "15m",
            "value": "15m"
          },
          {
            "selected": false,
            "text": "30m",
            "value": "30m"
          },
          {
            "selected": false,
            "text": "1h",
            "value": "1h"
          },
          {
            "selected": false,
            "text": "3h",
            "value": "3h"
          },
          {
            "selected": false,
            "text": "6h",
            "value": "6h"
          },
          {
            "selected": false,
            "text": "12h",
            "value": "12h"
          },
          {
            "selected": false,
            "text": "1d",
            "value": "1d"
          },
          {
            "selected": false,
            "text": "7d",
            "value": "7d"
          },
          {
            "selected": false,
            "text": "15d",
            "value": "15d"
          },
          {
            "selected": false,
            "text": "30d",
            "value": "30d"
          }
        ],
        "query": "15m,30m,1h,3h,6h,12h,1d,7d,15d,30d",
        "type": "custom"
      }
    ]
  },
  "time": {
    "from": "now-24h",
    "to": "now-15m"
  },
  "timepicker": {
    "nowDelay": "15m",
    "refresh_intervals": [
      "10s",
      "30s",
      "1m",
      "5m",
      "15m",
      "30m",
      "1h",
      "2h",
      "1d"
    ]
  },
  "timezone": "",
  "title": "NDAC Radio 5G PM KPI - Slice aware scheduling KPIs",
  "uid": "radio5gsask",
  "weekStart": ""
}