{
  "annotations": {
    "list": [
      {
        "builtIn": 1,
        "datasource": {
          "type": "datasource",
          "uid": "grafana"
        },
        "enable": true,
        "hide": true,
        "iconColor": "rgba(0, 211, 255, 1)",
        "name": "Annotations & Alerts",
        "target": {
          "limit": 100,
          "matchAny": false,
          "tags": [],
          "type": "dashboard"
        },
        "type": "dashboard"
      }
    ]
  },
  "editable": true,
  "fiscalYearStartMonth": 0,
  "graphTooltip": 0,
  "links": [
    {
      "asDropdown": true,
      "icon": "external link",
      "tags": [
        "Radio5G"
      ],
      "title": "Radio 5G Dashboards",
      "type": "dashboards"
    },
    {
      "asDropdown": true,
      "icon": "external link",
      "tags": [
        "Radio4G"
      ],
      "title": "Radio 4G Dashboards",
      "type": "dashboards"
    },
    {
      "asDropdown": true,
      "icon": "external link",
      "includeVars": false,
      "keepTime": false,
      "tags": [
        "EdgePM"
      ],
      "targetBlank": false,
      "title": "Edge PM Dashboards",
      "tooltip": "",
      "type": "dashboards",
      "url": ""
    },
    {
      "asDropdown": true,
      "icon": "external link",
      "includeVars": false,
      "keepTime": false,
      "tags": [
        "CorePM"
      ],
      "targetBlank": false,
      "title": "CORE PM Dashboards",
      "tooltip": "",
      "type": "dashboards",
      "url": ""
    },
    {
      "asDropdown": true,
      "icon": "external link",
      "includeVars": false,
      "keepTime": false,
      "tags": [
        "IXRPM"
      ],
      "targetBlank": false,
      "title": "IXR PM Dashboards",
      "tooltip": "",
      "type": "dashboards",
      "url": ""
    },
    {
      "asDropdown": true,
      "icon": "external link",
      "includeVars": false,
      "keepTime": false,
      "tags": [
        "AllAlarms"
      ],
      "targetBlank": false,
      "title": "Alarms Dashboard",
      "tooltip": "",
      "type": "dashboards",
      "url": ""
    }
  ],
  "panels": [
    {
      "collapsed": false,
      "gridPos": {
        "h": 1,
        "w": 24,
        "x": 0,
        "y": 0
      },
      "id": 228,
      "panels": [],
      "title": "Admission control per slice",
      "type": "row"
    },
    {
      "datasource": {
        "type": "grafana-opensearch-datasource",
        "uid": "${datasource}"
      },
      "description": "This KPI shows the non-GBR DRB radio admission requests for SA user, for the given slice and PLMN.",
      "fieldConfig": {
        "defaults": {
          "color": {
            "mode": "palette-classic"
          },
          "custom": {
            "axisBorderShow": false,
            "axisCenteredZero": false,
            "axisColorMode": "text",
            "axisLabel": "",
            "axisPlacement": "auto",
            "barAlignment": 0,
            "barWidthFactor": 0.6,
            "drawStyle": "line",
            "fillOpacity": 10,
            "gradientMode": "none",
            "hideFrom": {
              "legend": false,
              "tooltip": false,
              "viz": false
            },
            "insertNulls": false,
            "lineInterpolation": "linear",
            "lineWidth": 1,
            "pointSize": 6,
            "scaleDistribution": {
              "type": "linear"
            },
            "showPoints": "always",
            "spanNulls": false,
            "stacking": {
              "group": "A",
              "mode": "none"
            },
            "thresholdsStyle": {
              "mode": "off"
            }
          },
          "links": [],
          "mappings": [],
          "thresholds": {
            "mode": "absolute",
            "steps": [
              {
                "color": "green"
              },
              {
                "color": "red",
                "value": 80
              }
            ]
          },
          "unit": "none"
        },
        "overrides": []
      },
      "gridPos": {
        "h": 7,
        "w": 24,
        "x": 0,
        "y": 1
      },
      "id": 229,
      "interval": "$agg",
      "options": {
        "legend": {
          "calcs": [],
          "displayMode": "list",
          "placement": "bottom",
          "showLegend": true
        },
        "tooltip": {
          "hideZeros": false,
          "maxHeight": 600,
          "mode": "multi",
          "sort": "none"
        }
      },
      "pluginVersion": "11.6.1",
      "targets": [
        {
          "bucketAggs": [
            {
              "fake": true,
              "field": "$groupby",
              "id": "7",
              "settings": {
                "min_doc_count": 1,
                "order": "desc",
                "orderBy": "_term",
                "size": "0"
              },
              "type": "terms"
            },
            {
              "field": "pm_data_source.end_timestamp",
              "id": "2",
              "settings": {
                "interval": "$agg",
                "min_doc_count": 1,
                "trimEdges": 0
              },
              "type": "date_histogram"
            }
          ],
          "datasource": {
            "type": "grafana-opensearch-datasource",
            "uid": "${datasource}"
          },
          "metrics": [
            {
              "field": "pm_data.NSL_M55149C00002",
              "hide": true,
              "id": "3",
              "meta": {},
              "settings": {},
              "type": "avg"
            },
            {
              "field": "pm_data.NSL_M55149C00002",
              "hide": true,
              "id": "4",
              "meta": {},
              "settings": {},
              "type": "sum"
            },
            {
              "field": "select field",
              "hide": false,
              "id": "6",
              "meta": {},
              "pipelineVariables": [
                {
                  "name": "am55149c00002",
                  "pipelineAgg": "3"
                },
                {
                  "name": "m55149c00002",
                  "pipelineAgg": "4"
                }
              ],
              "settings": {
                "script": "if (params.am55149c00002 == null) {return null} else {return params.m55149c00002}"
              },
              "type": "bucket_script"
            }
          ],
          "query": "pm_data_source.nhg_alias.keyword:$nhgname AND pm_data.NSL_M55149C00002:* AND (pm_data_source.dn:*NRBTS* OR pm_data_source.dn:*SST*)",
          "refId": "A",
          "timeField": "pm_data_source.end_timestamp"
        }
      ],
      "title": "NR_5207a 5G SA Number of non-GBR DRB radio admission requests for SA user, per PLMN, per slice / nonGBR DRB AC req PLMN slice [#]",
      "transformations": [
        {
          "id": "seriesToRows",
          "options": {}
        },
        {
          "id": "prepareTimeSeries",
          "options": {
            "format": "multi"
          }
        }
      ],
      "type": "timeseries"
    },
    {
      "datasource": {
        "type": "grafana-opensearch-datasource",
        "uid": "${datasource}"
      },
      "description": "This KPI shows the success ratio of non-GBR DRB radio admission for SA user, for the given slice and PLMN.",
      "fieldConfig": {
        "defaults": {
          "color": {
            "mode": "palette-classic"
          },
          "custom": {
            "axisBorderShow": false,
            "axisCenteredZero": false,
            "axisColorMode": "text",
            "axisLabel": "",
            "axisPlacement": "auto",
            "barAlignment": 0,
            "barWidthFactor": 0.6,
            "drawStyle": "line",
            "fillOpacity": 10,
            "gradientMode": "none",
            "hideFrom": {
              "legend": false,
              "tooltip": false,
              "viz": false
            },
            "insertNulls": false,
            "lineInterpolation": "linear",
            "lineWidth": 1,
            "pointSize": 6,
            "scaleDistribution": {
              "type": "linear"
            },
            "showPoints": "always",
            "spanNulls": false,
            "stacking": {
              "group": "A",
              "mode": "none"
            },
            "thresholdsStyle": {
              "mode": "off"
            }
          },
          "links": [],
          "mappings": [],
          "thresholds": {
            "mode": "absolute",
            "steps": [
              {
                "color": "green"
              },
              {
                "color": "red",
                "value": 80
              }
            ]
          },
          "unit": "percent"
        },
        "overrides": []
      },
      "gridPos": {
        "h": 7,
        "w": 24,
        "x": 0,
        "y": 8
      },
      "id": 230,
      "interval": "$agg",
      "options": {
        "legend": {
          "calcs": [],
          "displayMode": "list",
          "placement": "bottom",
          "showLegend": true
        },
        "tooltip": {
          "hideZeros": false,
          "maxHeight": 600,
          "mode": "multi",
          "sort": "none"
        }
      },
      "pluginVersion": "11.6.1",
      "targets": [
        {
          "bucketAggs": [
            {
              "fake": true,
              "field": "$groupby",
              "id": "7",
              "settings": {
                "min_doc_count": 1,
                "order": "desc",
                "orderBy": "_term",
                "size": "0"
              },
              "type": "terms"
            },
            {
              "field": "pm_data_source.end_timestamp",
              "id": "2",
              "settings": {
                "interval": "$agg",
                "min_doc_count": 1,
                "trimEdges": 0
              },
              "type": "date_histogram"
            }
          ],
          "datasource": {
            "type": "grafana-opensearch-datasource",
            "uid": "${datasource}"
          },
          "metrics": [
            {
              "field": "pm_data.NSL_M55149C00002",
              "hide": true,
              "id": "3",
              "meta": {},
              "settings": {},
              "type": "avg"
            },
            {
              "field": "pm_data.NSL_M55149C00002",
              "hide": true,
              "id": "4",
              "meta": {},
              "settings": {},
              "type": "sum"
            },
            {
              "field": "pm_data.NSL_M55149C00003",
              "hide": true,
              "id": "5",
              "meta": {},
              "settings": {},
              "type": "sum"
            },
            {
              "field": "select field",
              "id": "6",
              "meta": {},
              "pipelineVariables": [
                {
                  "name": "am55149c00002",
                  "pipelineAgg": "3"
                },
                {
                  "name": "m55149c00002",
                  "pipelineAgg": "4"
                },
                {
                  "name": "m55149c00003",
                  "pipelineAgg": "5"
                }
              ],
              "settings": {
                "script": "if (params.am55149c00002 == null) {return null} else if(params.m55149c00002 == 0) {return 0} else {return (100*(params.m55149c00003)/(params.m55149c00002))}"
              },
              "type": "bucket_script"
            }
          ],
          "query": "pm_data_source.nhg_alias.keyword:$nhgname AND pm_data.NSL_M55149C00002:* AND (pm_data_source.dn:*NRBTS* OR pm_data_source.dn:*SST*)",
          "refId": "A",
          "timeField": "pm_data_source.end_timestamp"
        }
      ],
      "title": "NR_5208a 5G SA Non-GBR DRB admission control success ratio for SA user, per PLMN, per slice / nonGBR DRB AC SR PLMN slice [%]",
      "transformations": [
        {
          "id": "seriesToRows",
          "options": {}
        },
        {
          "id": "prepareTimeSeries",
          "options": {
            "format": "multi"
          }
        }
      ],
      "type": "timeseries"
    },
    {
      "datasource": {
        "type": "grafana-opensearch-datasource",
        "uid": "${datasource}"
      },
      "description": "This KPI shows the number of GBR DRB radio admission requests for SA user, for the given slice.",
      "fieldConfig": {
        "defaults": {
          "color": {
            "mode": "palette-classic"
          },
          "custom": {
            "axisBorderShow": false,
            "axisCenteredZero": false,
            "axisColorMode": "text",
            "axisLabel": "",
            "axisPlacement": "auto",
            "barAlignment": 0,
            "barWidthFactor": 0.6,
            "drawStyle": "line",
            "fillOpacity": 10,
            "gradientMode": "none",
            "hideFrom": {
              "legend": false,
              "tooltip": false,
              "viz": false
            },
            "insertNulls": false,
            "lineInterpolation": "linear",
            "lineWidth": 1,
            "pointSize": 6,
            "scaleDistribution": {
              "type": "linear"
            },
            "showPoints": "always",
            "spanNulls": false,
            "stacking": {
              "group": "A",
              "mode": "none"
            },
            "thresholdsStyle": {
              "mode": "off"
            }
          },
          "links": [],
          "mappings": [],
          "thresholds": {
            "mode": "absolute",
            "steps": [
              {
                "color": "green"
              },
              {
                "color": "red",
                "value": 80
              }
            ]
          },
          "unit": "none"
        },
        "overrides": []
      },
      "gridPos": {
        "h": 7,
        "w": 24,
        "x": 0,
        "y": 15
      },
      "id": 231,
      "interval": "$agg",
      "options": {
        "legend": {
          "calcs": [],
          "displayMode": "list",
          "placement": "bottom",
          "showLegend": true
        },
        "tooltip": {
          "hideZeros": false,
          "maxHeight": 600,
          "mode": "multi",
          "sort": "none"
        }
      },
      "pluginVersion": "11.6.1",
      "targets": [
        {
          "bucketAggs": [
            {
              "fake": true,
              "field": "$groupby",
              "id": "7",
              "settings": {
                "min_doc_count": 1,
                "order": "desc",
                "orderBy": "_term",
                "size": "0"
              },
              "type": "terms"
            },
            {
              "field": "pm_data_source.end_timestamp",
              "id": "2",
              "settings": {
                "interval": "$agg",
                "min_doc_count": 1,
                "trimEdges": 0
              },
              "type": "date_histogram"
            }
          ],
          "datasource": {
            "type": "grafana-opensearch-datasource",
            "uid": "${datasource}"
          },
          "metrics": [
            {
              "field": "pm_data.NSL_M55149C01001",
              "hide": true,
              "id": "3",
              "meta": {},
              "settings": {},
              "type": "avg"
            },
            {
              "field": "pm_data.NSL_M55149C01001",
              "hide": true,
              "id": "4",
              "meta": {},
              "settings": {},
              "type": "sum"
            },
            {
              "field": "select field",
              "id": "6",
              "meta": {},
              "pipelineVariables": [
                {
                  "name": "am55149c01001",
                  "pipelineAgg": "3"
                },
                {
                  "name": "m55149c01001",
                  "pipelineAgg": "4"
                }
              ],
              "settings": {
                "script": "if (params.am55149c01001 == null) {return null} else {return (params.m55149c01001)}"
              },
              "type": "bucket_script"
            }
          ],
          "query": "pm_data_source.nhg_alias.keyword:$nhgname AND pm_data.NSL_M55149C01001:* AND (pm_data_source.dn:*NRBTS* OR pm_data_source.dn:*SST*)",
          "queryType": "lucene",
          "refId": "A",
          "timeField": "pm_data_source.end_timestamp"
        }
      ],
      "title": "NR_1295a 5G SA Number of number of GBR DRBs radio admission requests for SA user per slice / SA GBR DRB AC req slice\t[#]",
      "transformations": [
        {
          "id": "seriesToRows",
          "options": {}
        },
        {
          "id": "prepareTimeSeries",
          "options": {
            "format": "multi"
          }
        }
      ],
      "type": "timeseries"
    },
    {
      "datasource": {
        "type": "grafana-opensearch-datasource",
        "uid": "${datasource}"
      },
      "description": "This KPI shows the success ratio of radio admission of GBR DRBs for SA user, per slice.",
      "fieldConfig": {
        "defaults": {
          "color": {
            "mode": "palette-classic"
          },
          "custom": {
            "axisBorderShow": false,
            "axisCenteredZero": false,
            "axisColorMode": "text",
            "axisLabel": "",
            "axisPlacement": "auto",
            "barAlignment": 0,
            "barWidthFactor": 0.6,
            "drawStyle": "line",
            "fillOpacity": 10,
            "gradientMode": "none",
            "hideFrom": {
              "legend": false,
              "tooltip": false,
              "viz": false
            },
            "insertNulls": false,
            "lineInterpolation": "linear",
            "lineWidth": 1,
            "pointSize": 6,
            "scaleDistribution": {
              "type": "linear"
            },
            "showPoints": "always",
            "spanNulls": false,
            "stacking": {
              "group": "A",
              "mode": "none"
            },
            "thresholdsStyle": {
              "mode": "off"
            }
          },
          "links": [],
          "mappings": [],
          "thresholds": {
            "mode": "absolute",
            "steps": [
              {
                "color": "green"
              },
              {
                "color": "red",
                "value": 80
              }
            ]
          },
          "unit": "percent"
        },
        "overrides": []
      },
      "gridPos": {
        "h": 7,
        "w": 24,
        "x": 0,
        "y": 22
      },
      "id": 232,
      "interval": "$agg",
      "options": {
        "legend": {
          "calcs": [],
          "displayMode": "list",
          "placement": "bottom",
          "showLegend": true
        },
        "tooltip": {
          "hideZeros": false,
          "maxHeight": 600,
          "mode": "multi",
          "sort": "none"
        }
      },
      "pluginVersion": "11.6.1",
      "targets": [
        {
          "bucketAggs": [
            {
              "fake": true,
              "field": "$groupby",
              "id": "7",
              "settings": {
                "min_doc_count": 1,
                "order": "desc",
                "orderBy": "_term",
                "size": "0"
              },
              "type": "terms"
            },
            {
              "field": "pm_data_source.end_timestamp",
              "id": "2",
              "settings": {
                "interval": "$agg",
                "min_doc_count": 1,
                "trimEdges": 0
              },
              "type": "date_histogram"
            }
          ],
          "datasource": {
            "type": "grafana-opensearch-datasource",
            "uid": "${datasource}"
          },
          "metrics": [
            {
              "field": "pm_data.NSL_M55149C01001",
              "hide": true,
              "id": "3",
              "meta": {},
              "settings": {},
              "type": "avg"
            },
            {
              "field": "pm_data.NSL_M55149C01001",
              "hide": true,
              "id": "4",
              "meta": {},
              "settings": {},
              "type": "sum"
            },
            {
              "field": "pm_data.NSL_M55149C01002",
              "hide": true,
              "id": "5",
              "meta": {},
              "settings": {},
              "type": "sum"
            },
            {
              "field": "select field",
              "id": "6",
              "meta": {},
              "pipelineVariables": [
                {
                  "name": "am55149c01001",
                  "pipelineAgg": "3"
                },
                {
                  "name": "m55149c01001",
                  "pipelineAgg": "4"
                },
                {
                  "name": "m55149c01002",
                  "pipelineAgg": "5"
                }
              ],
              "settings": {
                "script": "if (params.am55149c01001 == null) {return null} else if(params.m55149c01001 == 0) {return 0} else {return (100*(params.m55149c01002)/(params.m55149c01001))}"
              },
              "type": "bucket_script"
            }
          ],
          "query": "pm_data_source.nhg_alias.keyword:$nhgname AND pm_data.NSL_M55149C01001:* AND (pm_data_source.dn:*NRBTS* OR pm_data_source.dn:*SST*)",
          "queryType": "lucene",
          "refId": "A",
          "timeField": "pm_data_source.end_timestamp"
        }
      ],
      "title": "NR_1296a 5G SA Radio admission success ratio of GBR DRBs per slice / SA GBR DRB AC SR slice [%]",
      "transformations": [
        {
          "id": "seriesToRows",
          "options": {}
        },
        {
          "id": "prepareTimeSeries",
          "options": {
            "format": "multi"
          }
        }
      ],
      "type": "timeseries"
    },
    {
      "collapsed": true,
      "gridPos": {
        "h": 1,
        "w": 24,
        "x": 0,
        "y": 29
      },
      "id": 233,
      "panels": [
        {
          "datasource": {
            "type": "grafana-opensearch-datasource",
            "uid": "${datasource}"
          },
          "description": "This KPI shows the success ratio of establishing a GBR DRB on CU upon successful PDU session establishment or modification, for SA user, per slice.",
          "fieldConfig": {
            "defaults": {
              "color": {
                "mode": "palette-classic"
              },
              "custom": {
                "axisBorderShow": false,
                "axisCenteredZero": false,
                "axisColorMode": "text",
                "axisLabel": "",
                "axisPlacement": "auto",
                "barAlignment": 0,
                "barWidthFactor": 0.6,
                "drawStyle": "line",
                "fillOpacity": 10,
                "gradientMode": "none",
                "hideFrom": {
                  "legend": false,
                  "tooltip": false,
                  "viz": false
                },
                "insertNulls": false,
                "lineInterpolation": "linear",
                "lineWidth": 1,
                "pointSize": 6,
                "scaleDistribution": {
                  "type": "linear"
                },
                "showPoints": "always",
                "spanNulls": false,
                "stacking": {
                  "group": "A",
                  "mode": "none"
                },
                "thresholdsStyle": {
                  "mode": "off"
                }
              },
              "links": [],
              "mappings": [],
              "thresholds": {
                "mode": "absolute",
                "steps": [
                  {
                    "color": "green"
                  },
                  {
                    "color": "red",
                    "value": 80
                  }
                ]
              },
              "unit": "percent"
            },
            "overrides": []
          },
          "gridPos": {
            "h": 7,
            "w": 24,
            "x": 0,
            "y": 58
          },
          "id": 234,
          "interval": "$agg",
          "options": {
            "legend": {
              "calcs": [],
              "displayMode": "list",
              "placement": "bottom",
              "showLegend": true
            },
            "tooltip": {
              "hideZeros": false,
              "maxHeight": 600,
              "mode": "multi",
              "sort": "none"
            }
          },
          "pluginVersion": "11.6.1",
          "targets": [
            {
              "bucketAggs": [
                {
                  "fake": true,
                  "field": "$groupby",
                  "id": "7",
                  "settings": {
                    "min_doc_count": 1,
                    "order": "desc",
                    "orderBy": "_term",
                    "size": "0"
                  },
                  "type": "terms"
                },
                {
                  "field": "pm_data_source.end_timestamp",
                  "id": "2",
                  "settings": {
                    "interval": "$agg",
                    "min_doc_count": 1,
                    "trimEdges": 0
                  },
                  "type": "date_histogram"
                }
              ],
              "datasource": {
                "type": "grafana-opensearch-datasource",
                "uid": "${datasource}"
              },
              "metrics": [
                {
                  "field": "pm_data.NSL_M55149C01001",
                  "hide": true,
                  "id": "3",
                  "meta": {},
                  "settings": {},
                  "type": "avg"
                },
                {
                  "field": "pm_data.NSL_M55149C01001",
                  "hide": true,
                  "id": "4",
                  "meta": {},
                  "settings": {},
                  "type": "sum"
                },
                {
                  "field": "pm_data.NSL_M55149C01003",
                  "hide": true,
                  "id": "5",
                  "meta": {},
                  "settings": {},
                  "type": "sum"
                },
                {
                  "field": "select field",
                  "id": "6",
                  "meta": {},
                  "pipelineVariables": [
                    {
                      "name": "am55149c01001",
                      "pipelineAgg": "3"
                    },
                    {
                      "name": "m55149c01001",
                      "pipelineAgg": "4"
                    },
                    {
                      "name": "m55149c01003",
                      "pipelineAgg": "5"
                    }
                  ],
                  "settings": {
                    "script": "if (params.am55149c01001 == null) {return null} else if(params.m55149c01001 == 0) {return 0} else {return (100*(params.m55149c01003)/(params.m55149c01001))}"
                  },
                  "type": "bucket_script"
                }
              ],
              "query": "pm_data_source.nhg_alias.keyword:$nhgname AND pm_data.NSL_M55149C01001:* AND (pm_data_source.dn:*NRBTS* OR pm_data_source.dn:*SST*)",
              "queryType": "lucene",
              "refId": "A",
              "timeField": "pm_data_source.end_timestamp"
            }
          ],
          "title": "NR_1297a 5G SA GBR DRB setup success ratio per slice / SA GBR DRB stp SR slice [%]",
          "transformations": [
            {
              "id": "seriesToRows",
              "options": {}
            },
            {
              "id": "prepareTimeSeries",
              "options": {
                "format": "multi"
              }
            }
          ],
          "type": "timeseries"
        }
      ],
      "title": "DRB setup",
      "type": "row"
    },
    {
      "collapsed": true,
      "gridPos": {
        "h": 1,
        "w": 24,
        "x": 0,
        "y": 30
      },
      "id": 235,
      "panels": [
        {
          "datasource": {
            "type": "grafana-opensearch-datasource",
            "uid": "${datasource}"
          },
          "description": "This KPI shows the PDCP SDU data volume transmitted via gNB in downlink direction for the given Slice and PLMN. Discarded DL PDCP SDUs are not counted.",
          "fieldConfig": {
            "defaults": {
              "color": {
                "mode": "palette-classic"
              },
              "custom": {
                "axisBorderShow": false,
                "axisCenteredZero": false,
                "axisColorMode": "text",
                "axisLabel": "",
                "axisPlacement": "auto",
                "barAlignment": 0,
                "barWidthFactor": 0.6,
                "drawStyle": "line",
                "fillOpacity": 10,
                "gradientMode": "none",
                "hideFrom": {
                  "legend": false,
                  "tooltip": false,
                  "viz": false
                },
                "insertNulls": false,
                "lineInterpolation": "linear",
                "lineWidth": 1,
                "pointSize": 6,
                "scaleDistribution": {
                  "type": "linear"
                },
                "showPoints": "always",
                "spanNulls": false,
                "stacking": {
                  "group": "A",
                  "mode": "none"
                },
                "thresholdsStyle": {
                  "mode": "off"
                }
              },
              "links": [],
              "mappings": [],
              "thresholds": {
                "mode": "absolute",
                "steps": [
                  {
                    "color": "green"
                  },
                  {
                    "color": "red",
                    "value": 80
                  }
                ]
              },
              "unit": "decmbytes"
            },
            "overrides": []
          },
          "gridPos": {
            "h": 7,
            "w": 24,
            "x": 0,
            "y": 66
          },
          "id": 236,
          "interval": "$agg",
          "options": {
            "legend": {
              "calcs": [],
              "displayMode": "list",
              "placement": "bottom",
              "showLegend": true
            },
            "tooltip": {
              "hideZeros": false,
              "maxHeight": 600,
              "mode": "multi",
              "sort": "none"
            }
          },
          "pluginVersion": "11.6.1",
          "targets": [
            {
              "bucketAggs": [
                {
                  "fake": true,
                  "field": "$groupby",
                  "id": "7",
                  "settings": {
                    "min_doc_count": 1,
                    "order": "desc",
                    "orderBy": "_term",
                    "size": "0"
                  },
                  "type": "terms"
                },
                {
                  "field": "pm_data_source.end_timestamp",
                  "id": "2",
                  "settings": {
                    "interval": "$agg",
                    "min_doc_count": 1,
                    "trimEdges": 0
                  },
                  "type": "date_histogram"
                }
              ],
              "datasource": {
                "type": "grafana-opensearch-datasource",
                "uid": "${datasource}"
              },
              "metrics": [
                {
                  "field": "pm_data.NPSL_M55328C00003",
                  "hide": true,
                  "id": "3",
                  "meta": {},
                  "settings": {},
                  "type": "avg"
                },
                {
                  "field": "pm_data.NPSL_M55328C00003",
                  "hide": true,
                  "id": "4",
                  "meta": {},
                  "settings": {},
                  "type": "sum"
                },
                {
                  "hide": false,
                  "id": "5",
                  "pipelineVariables": [
                    {
                      "name": "am55328c00003",
                      "pipelineAgg": "3"
                    },
                    {
                      "name": "m55328c00003",
                      "pipelineAgg": "4"
                    }
                  ],
                  "settings": {
                    "script": "if (params.am55328c00003 == null) {return null} else {return (params.m55328c00003)/1000}"
                  },
                  "type": "bucket_script"
                }
              ],
              "query": "pm_data_source.nhg_alias.keyword:$nhgname AND pm_data.NPSL_M55328C00003:* AND (pm_data_source.dn:*NRBTS* OR pm_data_source.dn:*SST*)",
              "queryType": "lucene",
              "refId": "A",
              "timeField": "pm_data_source.end_timestamp"
            }
          ],
          "title": "NR_5136a 5G SA PDCP SDU transmitted data volume in downlink per slice / PDCP SDU vol DL slice [MB]",
          "transformations": [
            {
              "id": "seriesToRows",
              "options": {}
            },
            {
              "id": "prepareTimeSeries",
              "options": {
                "format": "multi"
              }
            }
          ],
          "type": "timeseries"
        },
        {
          "datasource": {
            "type": "grafana-opensearch-datasource",
            "uid": "${datasource}"
          },
          "description": "This KPI shows the PDCP SDU data volume received at gNB in uplink direction for the given Slice and PLMN. Discarded UL PDCP SDUs are not counted.",
          "fieldConfig": {
            "defaults": {
              "color": {
                "mode": "palette-classic"
              },
              "custom": {
                "axisBorderShow": false,
                "axisCenteredZero": false,
                "axisColorMode": "text",
                "axisLabel": "",
                "axisPlacement": "auto",
                "barAlignment": 0,
                "barWidthFactor": 0.6,
                "drawStyle": "line",
                "fillOpacity": 10,
                "gradientMode": "none",
                "hideFrom": {
                  "legend": false,
                  "tooltip": false,
                  "viz": false
                },
                "insertNulls": false,
                "lineInterpolation": "linear",
                "lineWidth": 1,
                "pointSize": 6,
                "scaleDistribution": {
                  "type": "linear"
                },
                "showPoints": "always",
                "spanNulls": false,
                "stacking": {
                  "group": "A",
                  "mode": "none"
                },
                "thresholdsStyle": {
                  "mode": "off"
                }
              },
              "links": [],
              "mappings": [],
              "thresholds": {
                "mode": "absolute",
                "steps": [
                  {
                    "color": "green"
                  },
                  {
                    "color": "red",
                    "value": 80
                  }
                ]
              },
              "unit": "decmbytes"
            },
            "overrides": []
          },
          "gridPos": {
            "h": 7,
            "w": 24,
            "x": 0,
            "y": 73
          },
          "id": 237,
          "interval": "$agg",
          "options": {
            "legend": {
              "calcs": [],
              "displayMode": "list",
              "placement": "bottom",
              "showLegend": true
            },
            "tooltip": {
              "hideZeros": false,
              "maxHeight": 600,
              "mode": "multi",
              "sort": "none"
            }
          },
          "pluginVersion": "11.6.1",
          "targets": [
            {
              "bucketAggs": [
                {
                  "fake": true,
                  "field": "$groupby",
                  "id": "7",
                  "settings": {
                    "min_doc_count": 1,
                    "order": "desc",
                    "orderBy": "_term",
                    "size": "0"
                  },
                  "type": "terms"
                },
                {
                  "field": "pm_data_source.end_timestamp",
                  "id": "2",
                  "settings": {
                    "interval": "$agg",
                    "min_doc_count": 1,
                    "trimEdges": 0
                  },
                  "type": "date_histogram"
                }
              ],
              "datasource": {
                "type": "grafana-opensearch-datasource",
                "uid": "${datasource}"
              },
              "metrics": [
                {
                  "field": "pm_data.NPSL_M55328C00005",
                  "hide": true,
                  "id": "3",
                  "meta": {},
                  "settings": {},
                  "type": "avg"
                },
                {
                  "field": "pm_data.NPSL_M55328C00005",
                  "hide": true,
                  "id": "4",
                  "meta": {},
                  "settings": {},
                  "type": "sum"
                },
                {
                  "hide": false,
                  "id": "5",
                  "pipelineVariables": [
                    {
                      "name": "am55328c00005",
                      "pipelineAgg": "3"
                    },
                    {
                      "name": "m55328c00005",
                      "pipelineAgg": "4"
                    }
                  ],
                  "settings": {
                    "script": "if (params.am55328c00005 == null) {return null} else {return (params.m55328c00005)/1000}"
                  },
                  "type": "bucket_script"
                }
              ],
              "query": "pm_data_source.nhg_alias.keyword:$nhgname AND pm_data.NPSL_M55328C00005:* AND (pm_data_source.dn:*NRBTS* OR pm_data_source.dn:*SST*)",
              "queryType": "lucene",
              "refId": "A",
              "timeField": "pm_data_source.end_timestamp"
            }
          ],
          "title": "NR_5137a 5G SA PDCP SDU received data volume in uplink per slice / PDCP SDU vol UL slice [MB]",
          "transformations": [
            {
              "id": "seriesToRows",
              "options": {}
            },
            {
              "id": "prepareTimeSeries",
              "options": {
                "format": "multi"
              }
            }
          ],
          "type": "timeseries"
        }
      ],
      "title": "Data volume per slice",
      "type": "row"
    },
    {
      "collapsed": true,
      "gridPos": {
        "h": 1,
        "w": 24,
        "x": 0,
        "y": 31
      },
      "id": 238,
      "panels": [
        {
          "datasource": {
            "type": "grafana-opensearch-datasource",
            "uid": "${datasource}"
          },
          "description": "This KPI shows the downlink average delay for PDCP SDUs per slice, calculated as time difference between the reception of the PDCP SDU from NG-U and DL PDCP PDU is sent towards RLC layer.",
          "fieldConfig": {
            "defaults": {
              "color": {
                "mode": "palette-classic"
              },
              "custom": {
                "axisBorderShow": false,
                "axisCenteredZero": false,
                "axisColorMode": "text",
                "axisLabel": "",
                "axisPlacement": "auto",
                "barAlignment": 0,
                "barWidthFactor": 0.6,
                "drawStyle": "line",
                "fillOpacity": 10,
                "gradientMode": "none",
                "hideFrom": {
                  "legend": false,
                  "tooltip": false,
                  "viz": false
                },
                "insertNulls": false,
                "lineInterpolation": "linear",
                "lineWidth": 1,
                "pointSize": 6,
                "scaleDistribution": {
                  "type": "linear"
                },
                "showPoints": "always",
                "spanNulls": false,
                "stacking": {
                  "group": "A",
                  "mode": "none"
                },
                "thresholdsStyle": {
                  "mode": "off"
                }
              },
              "links": [],
              "mappings": [],
              "thresholds": {
                "mode": "absolute",
                "steps": [
                  {
                    "color": "green"
                  },
                  {
                    "color": "red",
                    "value": 80
                  }
                ]
              },
              "unit": "µs"
            },
            "overrides": []
          },
          "gridPos": {
            "h": 7,
            "w": 24,
            "x": 0,
            "y": 81
          },
          "id": 239,
          "interval": "$agg",
          "options": {
            "legend": {
              "calcs": [],
              "displayMode": "list",
              "placement": "bottom",
              "showLegend": true
            },
            "tooltip": {
              "hideZeros": false,
              "maxHeight": 600,
              "mode": "multi",
              "sort": "none"
            }
          },
          "pluginVersion": "11.6.1",
          "targets": [
            {
              "bucketAggs": [
                {
                  "fake": true,
                  "field": "$groupby",
                  "id": "7",
                  "settings": {
                    "min_doc_count": 1,
                    "order": "desc",
                    "orderBy": "_term",
                    "size": "0"
                  },
                  "type": "terms"
                },
                {
                  "field": "pm_data_source.end_timestamp",
                  "id": "2",
                  "settings": {
                    "interval": "$agg",
                    "min_doc_count": 1,
                    "trimEdges": 0
                  },
                  "type": "date_histogram"
                }
              ],
              "datasource": {
                "type": "grafana-opensearch-datasource",
                "uid": "${datasource}"
              },
              "metrics": [
                {
                  "field": "pm_data.NPSL_M55328C00006",
                  "hide": true,
                  "id": "3",
                  "meta": {},
                  "settings": {},
                  "type": "avg"
                },
                {
                  "field": "pm_data.NPSL_M55328C00006",
                  "hide": true,
                  "id": "4",
                  "meta": {},
                  "settings": {},
                  "type": "sum"
                },
                {
                  "field": "pm_data.NPSL_M55328C00002",
                  "hide": true,
                  "id": "5",
                  "type": "sum"
                },
                {
                  "id": "8",
                  "pipelineVariables": [
                    {
                      "name": "am55328c00006",
                      "pipelineAgg": "3"
                    },
                    {
                      "name": "m55328c00006",
                      "pipelineAgg": "4"
                    },
                    {
                      "name": "m55328c00002",
                      "pipelineAgg": "5"
                    }
                  ],
                  "settings": {
                    "script": "if (params.am55328c00006 == null) {return null} else if(params.m55328c00002 == 0) {return 0} else {return (params.m55328c00006)/(params.m55328c00002)}"
                  },
                  "type": "bucket_script"
                }
              ],
              "query": "pm_data_source.nhg_alias.keyword:$nhgname AND pm_data.NPSL_M55328C00006:* AND (pm_data_source.dn:*NRBTS* OR pm_data_source.dn:*SST*)",
              "queryType": "lucene",
              "refId": "A",
              "timeField": "pm_data_source.end_timestamp"
            }
          ],
          "title": "NR_5138a 5G SA PDCP SDU average delay in downlink per slice / PDCP SDU avg delay DL slice [microsecond]",
          "transformations": [
            {
              "id": "seriesToRows",
              "options": {}
            },
            {
              "id": "prepareTimeSeries",
              "options": {
                "format": "multi"
              }
            }
          ],
          "type": "timeseries"
        },
        {
          "datasource": {
            "type": "grafana-opensearch-datasource",
            "uid": "${datasource}"
          },
          "description": "This KPI shows the uplink average delay for PDCP SDUs per slice, calculated as time difference between reception of UL PDCP PDU from RLC layer, and when the PDCP SDU is sent towards NG-U.",
          "fieldConfig": {
            "defaults": {
              "color": {
                "mode": "palette-classic"
              },
              "custom": {
                "axisBorderShow": false,
                "axisCenteredZero": false,
                "axisColorMode": "text",
                "axisLabel": "",
                "axisPlacement": "auto",
                "barAlignment": 0,
                "barWidthFactor": 0.6,
                "drawStyle": "line",
                "fillOpacity": 10,
                "gradientMode": "none",
                "hideFrom": {
                  "legend": false,
                  "tooltip": false,
                  "viz": false
                },
                "insertNulls": false,
                "lineInterpolation": "linear",
                "lineWidth": 1,
                "pointSize": 6,
                "scaleDistribution": {
                  "type": "linear"
                },
                "showPoints": "always",
                "spanNulls": false,
                "stacking": {
                  "group": "A",
                  "mode": "none"
                },
                "thresholdsStyle": {
                  "mode": "off"
                }
              },
              "links": [],
              "mappings": [],
              "thresholds": {
                "mode": "absolute",
                "steps": [
                  {
                    "color": "green"
                  },
                  {
                    "color": "red",
                    "value": 80
                  }
                ]
              },
              "unit": "µs"
            },
            "overrides": []
          },
          "gridPos": {
            "h": 7,
            "w": 24,
            "x": 0,
            "y": 88
          },
          "id": 240,
          "interval": "$agg",
          "options": {
            "legend": {
              "calcs": [],
              "displayMode": "list",
              "placement": "bottom",
              "showLegend": true
            },
            "tooltip": {
              "hideZeros": false,
              "maxHeight": 600,
              "mode": "multi",
              "sort": "none"
            }
          },
          "pluginVersion": "11.6.1",
          "targets": [
            {
              "bucketAggs": [
                {
                  "fake": true,
                  "field": "$groupby",
                  "id": "7",
                  "settings": {
                    "min_doc_count": 1,
                    "order": "desc",
                    "orderBy": "_term",
                    "size": "0"
                  },
                  "type": "terms"
                },
                {
                  "field": "pm_data_source.end_timestamp",
                  "id": "2",
                  "settings": {
                    "interval": "$agg",
                    "min_doc_count": 1,
                    "trimEdges": 0
                  },
                  "type": "date_histogram"
                }
              ],
              "datasource": {
                "type": "grafana-opensearch-datasource",
                "uid": "${datasource}"
              },
              "metrics": [
                {
                  "field": "pm_data.NPSL_M55328C00007",
                  "hide": true,
                  "id": "3",
                  "meta": {},
                  "settings": {},
                  "type": "avg"
                },
                {
                  "field": "pm_data.NPSL_M55328C00007",
                  "hide": true,
                  "id": "4",
                  "meta": {},
                  "settings": {},
                  "type": "sum"
                },
                {
                  "field": "pm_data.NPSL_M55328C00004",
                  "hide": true,
                  "id": "5",
                  "type": "sum"
                },
                {
                  "id": "8",
                  "pipelineVariables": [
                    {
                      "name": "am55328c00007",
                      "pipelineAgg": "3"
                    },
                    {
                      "name": "m55328c00007",
                      "pipelineAgg": "4"
                    },
                    {
                      "name": "m55328c00004",
                      "pipelineAgg": "5"
                    }
                  ],
                  "settings": {
                    "script": "if (params.am55328c00007 == null) {return null} else if(params.m55328c00004 == 0) {return 0} else {return (params.m55328c00007)/(params.m55328c00004)}"
                  },
                  "type": "bucket_script"
                }
              ],
              "query": "pm_data_source.nhg_alias.keyword:$nhgname AND pm_data.NPSL_M55328C00007:* AND (pm_data_source.dn:*NRBTS* OR pm_data_source.dn:*SST*)",
              "queryType": "lucene",
              "refId": "A",
              "timeField": "pm_data_source.end_timestamp"
            }
          ],
          "title": "NR_5139a 5G SA PDCP SDU average delay in uplink per slice / PDCP SDU avg delay UL slice [microsecond]",
          "transformations": [
            {
              "id": "seriesToRows",
              "options": {}
            },
            {
              "id": "prepareTimeSeries",
              "options": {
                "format": "multi"
              }
            }
          ],
          "type": "timeseries"
        }
      ],
      "title": "Latency per slice",
      "type": "row"
    },
    {
      "collapsed": true,
      "gridPos": {
        "h": 1,
        "w": 24,
        "x": 0,
        "y": 32
      },
      "id": 218,
      "panels": [
        {
          "datasource": {
            "type": "grafana-opensearch-datasource",
            "uid": "${datasource}"
          },
          "description": "This KPI shows the success ratio of intra-frequency intra-gNB intra-DU handover for the given slice and PLMN.",
          "fieldConfig": {
            "defaults": {
              "color": {
                "mode": "palette-classic"
              },
              "custom": {
                "axisBorderShow": false,
                "axisCenteredZero": false,
                "axisColorMode": "text",
                "axisLabel": "",
                "axisPlacement": "auto",
                "barAlignment": 0,
                "barWidthFactor": 0.6,
                "drawStyle": "line",
                "fillOpacity": 10,
                "gradientMode": "none",
                "hideFrom": {
                  "legend": false,
                  "tooltip": false,
                  "viz": false
                },
                "insertNulls": false,
                "lineInterpolation": "linear",
                "lineWidth": 1,
                "pointSize": 6,
                "scaleDistribution": {
                  "type": "linear"
                },
                "showPoints": "always",
                "spanNulls": false,
                "stacking": {
                  "group": "A",
                  "mode": "none"
                },
                "thresholdsStyle": {
                  "mode": "off"
                }
              },
              "links": [],
              "mappings": [],
              "thresholds": {
                "mode": "absolute",
                "steps": [
                  {
                    "color": "green"
                  },
                  {
                    "color": "red",
                    "value": 80
                  }
                ]
              },
              "unit": "percent"
            },
            "overrides": []
          },
          "gridPos": {
            "h": 7,
            "w": 24,
            "x": 0,
            "y": 96
          },
          "id": 216,
          "interval": "$agg",
          "options": {
            "legend": {
              "calcs": [],
              "displayMode": "list",
              "placement": "bottom",
              "showLegend": true
            },
            "tooltip": {
              "hideZeros": false,
              "maxHeight": 600,
              "mode": "multi",
              "sort": "none"
            }
          },
          "pluginVersion": "11.6.1",
          "targets": [
            {
              "bucketAggs": [
                {
                  "fake": true,
                  "field": "$groupby",
                  "id": "7",
                  "settings": {
                    "min_doc_count": 1,
                    "order": "desc",
                    "orderBy": "_term",
                    "size": "0"
                  },
                  "type": "terms"
                },
                {
                  "field": "pm_data_source.end_timestamp",
                  "id": "2",
                  "settings": {
                    "interval": "$agg",
                    "min_doc_count": 1,
                    "trimEdges": 0
                  },
                  "type": "date_histogram"
                }
              ],
              "datasource": {
                "type": "grafana-opensearch-datasource",
                "uid": "${datasource}"
              },
              "metrics": [
                {
                  "field": "pm_data.NSL_M55149C00005",
                  "hide": true,
                  "id": "3",
                  "meta": {},
                  "settings": {},
                  "type": "avg"
                },
                {
                  "field": "pm_data.NSL_M55149C00005",
                  "hide": true,
                  "id": "4",
                  "meta": {},
                  "settings": {},
                  "type": "sum"
                },
                {
                  "field": "pm_data.NSL_M55149C00004",
                  "hide": true,
                  "id": "5",
                  "meta": {},
                  "settings": {},
                  "type": "sum"
                },
                {
                  "field": "select field",
                  "id": "6",
                  "meta": {},
                  "pipelineVariables": [
                    {
                      "name": "am55149c00005",
                      "pipelineAgg": "3"
                    },
                    {
                      "name": "m55149c00005",
                      "pipelineAgg": "4"
                    },
                    {
                      "name": "m55149c00004",
                      "pipelineAgg": "5"
                    }
                  ],
                  "settings": {
                    "script": "  if (params.am55149c00005 == null) {return null} else if(params.m55149c00004 == 0) {return 0} else {return (params.m55149c00005 * 100)/params.m55149c00004}"
                  },
                  "type": "bucket_script"
                }
              ],
              "query": "pm_data_source.nhg_alias.keyword:$nhgname AND pm_data.NSL_M55149C00005:* AND (pm_data_source.dn:*NRBTS* OR pm_data_source.dn:*SST*)",
              "queryType": "lucene",
              "refId": "A",
              "timeField": "pm_data_source.end_timestamp"
            }
          ],
          "title": "NR_5210a 5G SA Intra-frequency intra-gNB intra-DU handover success ratio per PLMN, per slice / intraf intraDU HO exe SR PLMN slice [%]",
          "transformations": [
            {
              "id": "seriesToRows",
              "options": {}
            },
            {
              "id": "prepareTimeSeries",
              "options": {
                "format": "multi"
              }
            }
          ],
          "type": "timeseries"
        }
      ],
      "title": "SA Intra-frequency intra-gNB intra-DU HO per slice",
      "type": "row"
    },
    {
      "collapsed": true,
      "gridPos": {
        "h": 1,
        "w": 24,
        "x": 0,
        "y": 33
      },
      "id": 221,
      "panels": [
        {
          "datasource": {
            "type": "grafana-opensearch-datasource",
            "uid": "${datasource}"
          },
          "description": "This KPI shows the success ratio of intra-frequency inter-gNB intra-DU handover for the given slice and PLMN.",
          "fieldConfig": {
            "defaults": {
              "color": {
                "mode": "palette-classic"
              },
              "custom": {
                "axisBorderShow": false,
                "axisCenteredZero": false,
                "axisColorMode": "text",
                "axisLabel": "",
                "axisPlacement": "auto",
                "barAlignment": 0,
                "barWidthFactor": 0.6,
                "drawStyle": "line",
                "fillOpacity": 10,
                "gradientMode": "none",
                "hideFrom": {
                  "legend": false,
                  "tooltip": false,
                  "viz": false
                },
                "insertNulls": false,
                "lineInterpolation": "linear",
                "lineWidth": 1,
                "pointSize": 6,
                "scaleDistribution": {
                  "type": "linear"
                },
                "showPoints": "always",
                "spanNulls": false,
                "stacking": {
                  "group": "A",
                  "mode": "none"
                },
                "thresholdsStyle": {
                  "mode": "off"
                }
              },
              "links": [],
              "mappings": [],
              "thresholds": {
                "mode": "absolute",
                "steps": [
                  {
                    "color": "green"
                  },
                  {
                    "color": "red",
                    "value": 80
                  }
                ]
              },
              "unit": "percent"
            },
            "overrides": []
          },
          "gridPos": {
            "h": 7,
            "w": 24,
            "x": 0,
            "y": 104
          },
          "id": 219,
          "interval": "$agg",
          "options": {
            "legend": {
              "calcs": [],
              "displayMode": "list",
              "placement": "bottom",
              "showLegend": true
            },
            "tooltip": {
              "hideZeros": false,
              "maxHeight": 600,
              "mode": "multi",
              "sort": "none"
            }
          },
          "pluginVersion": "11.6.1",
          "targets": [
            {
              "bucketAggs": [
                {
                  "fake": true,
                  "field": "$groupby",
                  "id": "7",
                  "settings": {
                    "min_doc_count": 1,
                    "order": "desc",
                    "orderBy": "_term",
                    "size": "0"
                  },
                  "type": "terms"
                },
                {
                  "field": "pm_data_source.end_timestamp",
                  "id": "2",
                  "settings": {
                    "interval": "$agg",
                    "min_doc_count": 1,
                    "trimEdges": 0
                  },
                  "type": "date_histogram"
                }
              ],
              "datasource": {
                "type": "grafana-opensearch-datasource",
                "uid": "${datasource}"
              },
              "metrics": [
                {
                  "field": "pm_data.NSL_M55149C00007",
                  "hide": true,
                  "id": "3",
                  "meta": {},
                  "settings": {},
                  "type": "avg"
                },
                {
                  "field": "pm_data.NSL_M55149C00007",
                  "hide": true,
                  "id": "4",
                  "meta": {},
                  "settings": {},
                  "type": "sum"
                },
                {
                  "field": "pm_data.NSL_M55149C00006",
                  "hide": true,
                  "id": "5",
                  "meta": {},
                  "settings": {},
                  "type": "sum"
                },
                {
                  "field": "select field",
                  "id": "6",
                  "meta": {},
                  "pipelineVariables": [
                    {
                      "name": "am55149c00007",
                      "pipelineAgg": "3"
                    },
                    {
                      "name": "m55149c00007",
                      "pipelineAgg": "4"
                    },
                    {
                      "name": "m55149c00006",
                      "pipelineAgg": "5"
                    }
                  ],
                  "settings": {
                    "script": "if (params.am55149c00007 == null) {return null} else if(params.m55149c00006 == 0) {return 0} else {return (params.m55149c00007 * 100)/params.m55149c00006}"
                  },
                  "type": "bucket_script"
                }
              ],
              "query": "pm_data_source.nhg_alias.keyword:$nhgname AND pm_data.NSL_M55149C00007:* AND (pm_data_source.dn:*NRBTS* OR pm_data_source.dn:*SST*)",
              "queryType": "lucene",
              "refId": "A",
              "timeField": "pm_data_source.end_timestamp"
            }
          ],
          "title": "NR_5212a 5G SA Intra-frequency intra-gNB inter-DU handover execution success ratio per PLMN, per slice / intraf inagNB interDU HO exe SR PLMN slice [%]",
          "transformations": [
            {
              "id": "seriesToRows",
              "options": {}
            },
            {
              "id": "prepareTimeSeries",
              "options": {
                "format": "multi"
              }
            }
          ],
          "type": "timeseries"
        }
      ],
      "title": "SA Intra-frequency intra-gNB inter-DU HO per slice",
      "type": "row"
    },
    {
      "collapsed": true,
      "gridPos": {
        "h": 1,
        "w": 24,
        "x": 0,
        "y": 34
      },
      "id": 224,
      "panels": [
        {
          "datasource": {
            "type": "grafana-opensearch-datasource",
            "uid": "${datasource}"
          },
          "description": "This KPI shows the success ratio of the intra-frequency inter-gNB outgoing handover for the given slice and PLMN.",
          "fieldConfig": {
            "defaults": {
              "color": {
                "mode": "palette-classic"
              },
              "custom": {
                "axisBorderShow": false,
                "axisCenteredZero": false,
                "axisColorMode": "text",
                "axisLabel": "",
                "axisPlacement": "auto",
                "barAlignment": 0,
                "barWidthFactor": 0.6,
                "drawStyle": "line",
                "fillOpacity": 10,
                "gradientMode": "none",
                "hideFrom": {
                  "legend": false,
                  "tooltip": false,
                  "viz": false
                },
                "insertNulls": false,
                "lineInterpolation": "linear",
                "lineWidth": 1,
                "pointSize": 6,
                "scaleDistribution": {
                  "type": "linear"
                },
                "showPoints": "always",
                "spanNulls": false,
                "stacking": {
                  "group": "A",
                  "mode": "none"
                },
                "thresholdsStyle": {
                  "mode": "off"
                }
              },
              "links": [],
              "mappings": [],
              "thresholds": {
                "mode": "absolute",
                "steps": [
                  {
                    "color": "green"
                  },
                  {
                    "color": "red",
                    "value": 80
                  }
                ]
              },
              "unit": "percent"
            },
            "overrides": []
          },
          "gridPos": {
            "h": 7,
            "w": 24,
            "x": 0,
            "y": 112
          },
          "id": 222,
          "interval": "$agg",
          "options": {
            "legend": {
              "calcs": [],
              "displayMode": "list",
              "placement": "bottom",
              "showLegend": true
            },
            "tooltip": {
              "hideZeros": false,
              "maxHeight": 600,
              "mode": "multi",
              "sort": "none"
            }
          },
          "pluginVersion": "11.6.1",
          "targets": [
            {
              "bucketAggs": [
                {
                  "fake": true,
                  "field": "$groupby",
                  "id": "7",
                  "settings": {
                    "min_doc_count": 1,
                    "order": "desc",
                    "orderBy": "_term",
                    "size": "0"
                  },
                  "type": "terms"
                },
                {
                  "field": "pm_data_source.end_timestamp",
                  "id": "2",
                  "settings": {
                    "interval": "$agg",
                    "min_doc_count": 1,
                    "trimEdges": 0
                  },
                  "type": "date_histogram"
                }
              ],
              "datasource": {
                "type": "grafana-opensearch-datasource",
                "uid": "${datasource}"
              },
              "metrics": [
                {
                  "field": "pm_data.NSL_M55149C00009",
                  "hide": true,
                  "id": "3",
                  "meta": {},
                  "settings": {},
                  "type": "avg"
                },
                {
                  "field": "pm_data.NSL_M55149C00009",
                  "hide": true,
                  "id": "4",
                  "meta": {},
                  "settings": {},
                  "type": "sum"
                },
                {
                  "field": "pm_data.NSL_M55149C00008",
                  "hide": true,
                  "id": "5",
                  "meta": {},
                  "settings": {},
                  "type": "sum"
                },
                {
                  "field": "select field",
                  "id": "6",
                  "meta": {},
                  "pipelineVariables": [
                    {
                      "name": "am55149c00009",
                      "pipelineAgg": "3"
                    },
                    {
                      "name": "m55149c00009",
                      "pipelineAgg": "4"
                    },
                    {
                      "name": "m55149c00008",
                      "pipelineAgg": "5"
                    }
                  ],
                  "settings": {
                    "script": "if (params.m55149c00009 == null) {return null} else if(params.m55149c00008 == 0) {return 0} else {return (params.m55149c00009 * 100)/params.m55149c00008}"
                  },
                  "type": "bucket_script"
                }
              ],
              "query": "pm_data_source.nhg_alias.keyword:$nhgname AND pm_data.NSL_M55149C00009:* AND (pm_data_source.dn:*NRBTS* OR pm_data_source.dn:*SST*)",
              "queryType": "lucene",
              "refId": "A",
              "timeField": "pm_data_source.end_timestamp"
            }
          ],
          "title": "NR_5214a 5G SA Intra-frequency inter-gNB outgoing handover execution success ratio per PLMN, per slice / intraf interNB out HO exe SR PLMN slice [%]",
          "transformations": [
            {
              "id": "seriesToRows",
              "options": {}
            },
            {
              "id": "prepareTimeSeries",
              "options": {
                "format": "multi"
              }
            }
          ],
          "type": "timeseries"
        }
      ],
      "title": "SA Intra-frequency inter-gNB outgoing HO per slice",
      "type": "row"
    },
    {
      "collapsed": true,
      "gridPos": {
        "h": 1,
        "w": 24,
        "x": 0,
        "y": 35
      },
      "id": 225,
      "panels": [
        {
          "datasource": {
            "type": "grafana-opensearch-datasource",
            "uid": "${datasource}"
          },
          "description": "This KPI shows the number of inter-frequency intra-gNB intra-DU handover attempts for the given slice and PLMN.",
          "fieldConfig": {
            "defaults": {
              "color": {
                "mode": "palette-classic"
              },
              "custom": {
                "axisBorderShow": false,
                "axisCenteredZero": false,
                "axisColorMode": "text",
                "axisLabel": "",
                "axisPlacement": "auto",
                "barAlignment": 0,
                "barWidthFactor": 0.6,
                "drawStyle": "line",
                "fillOpacity": 10,
                "gradientMode": "none",
                "hideFrom": {
                  "legend": false,
                  "tooltip": false,
                  "viz": false
                },
                "insertNulls": false,
                "lineInterpolation": "linear",
                "lineWidth": 1,
                "pointSize": 6,
                "scaleDistribution": {
                  "type": "linear"
                },
                "showPoints": "always",
                "spanNulls": false,
                "stacking": {
                  "group": "A",
                  "mode": "none"
                },
                "thresholdsStyle": {
                  "mode": "off"
                }
              },
              "links": [],
              "mappings": [],
              "thresholds": {
                "mode": "absolute",
                "steps": [
                  {
                    "color": "green"
                  },
                  {
                    "color": "red",
                    "value": 80
                  }
                ]
              },
              "unit": "none"
            },
            "overrides": []
          },
          "gridPos": {
            "h": 7,
            "w": 24,
            "x": 0,
            "y": 120
          },
          "id": 226,
          "interval": "$agg",
          "options": {
            "legend": {
              "calcs": [],
              "displayMode": "list",
              "placement": "bottom",
              "showLegend": true
            },
            "tooltip": {
              "hideZeros": false,
              "maxHeight": 600,
              "mode": "multi",
              "sort": "none"
            }
          },
          "pluginVersion": "11.6.1",
          "targets": [
            {
              "bucketAggs": [
                {
                  "fake": true,
                  "field": "$groupby",
                  "id": "7",
                  "settings": {
                    "min_doc_count": 1,
                    "order": "desc",
                    "orderBy": "_term",
                    "size": "0"
                  },
                  "type": "terms"
                },
                {
                  "field": "pm_data_source.end_timestamp",
                  "id": "2",
                  "settings": {
                    "interval": "$agg",
                    "min_doc_count": 1,
                    "trimEdges": 0
                  },
                  "type": "date_histogram"
                }
              ],
              "datasource": {
                "type": "grafana-opensearch-datasource",
                "uid": "${datasource}"
              },
              "metrics": [
                {
                  "field": "pm_data.NSL_M55149C00550",
                  "hide": true,
                  "id": "3",
                  "meta": {},
                  "settings": {},
                  "type": "avg"
                },
                {
                  "field": "pm_data.NSL_M55149C00550",
                  "hide": true,
                  "id": "4",
                  "meta": {},
                  "settings": {},
                  "type": "sum"
                },
                {
                  "id": "8",
                  "pipelineVariables": [
                    {
                      "name": "am55149c00550",
                      "pipelineAgg": "3"
                    },
                    {
                      "name": "m55149c00550",
                      "pipelineAgg": "4"
                    }
                  ],
                  "settings": {
                    "script": "if (params.am55149c00550 == null) { return null } else { return params.m55149c00550 }"
                  },
                  "type": "bucket_script"
                }
              ],
              "query": "pm_data_source.nhg_alias.keyword:$nhgname AND pm_data.NSL_M55149C00550:* AND (pm_data_source.dn:*NRBTS* OR pm_data_source.dn:*SST*)",
              "queryType": "lucene",
              "refId": "A",
              "timeField": "pm_data_source.end_timestamp"
            }
          ],
          "title": "NR_5215a 5G SA Number of inter-frequency intra-gNB intra-DU handover execution attempts per PLMN, per slice [#]",
          "transformations": [
            {
              "id": "seriesToRows",
              "options": {}
            },
            {
              "id": "prepareTimeSeries",
              "options": {
                "format": "multi"
              }
            }
          ],
          "type": "timeseries"
        },
        {
          "datasource": {
            "type": "grafana-opensearch-datasource",
            "uid": "${datasource}"
          },
          "description": "This KPI shows the success ratio of inter-frequency intra-gNB intra-DU handover for the given slice and PLMN.",
          "fieldConfig": {
            "defaults": {
              "color": {
                "mode": "palette-classic"
              },
              "custom": {
                "axisBorderShow": false,
                "axisCenteredZero": false,
                "axisColorMode": "text",
                "axisLabel": "",
                "axisPlacement": "auto",
                "barAlignment": 0,
                "barWidthFactor": 0.6,
                "drawStyle": "line",
                "fillOpacity": 10,
                "gradientMode": "none",
                "hideFrom": {
                  "legend": false,
                  "tooltip": false,
                  "viz": false
                },
                "insertNulls": false,
                "lineInterpolation": "linear",
                "lineWidth": 1,
                "pointSize": 6,
                "scaleDistribution": {
                  "type": "linear"
                },
                "showPoints": "always",
                "spanNulls": false,
                "stacking": {
                  "group": "A",
                  "mode": "none"
                },
                "thresholdsStyle": {
                  "mode": "off"
                }
              },
              "links": [],
              "mappings": [],
              "thresholds": {
                "mode": "absolute",
                "steps": [
                  {
                    "color": "green"
                  },
                  {
                    "color": "red",
                    "value": 80
                  }
                ]
              },
              "unit": "percent"
            },
            "overrides": []
          },
          "gridPos": {
            "h": 7,
            "w": 24,
            "x": 0,
            "y": 127
          },
          "id": 227,
          "interval": "$agg",
          "options": {
            "legend": {
              "calcs": [],
              "displayMode": "list",
              "placement": "bottom",
              "showLegend": true
            },
            "tooltip": {
              "hideZeros": false,
              "maxHeight": 600,
              "mode": "multi",
              "sort": "none"
            }
          },
          "pluginVersion": "11.6.1",
          "targets": [
            {
              "bucketAggs": [
                {
                  "fake": true,
                  "field": "$groupby",
                  "id": "7",
                  "settings": {
                    "min_doc_count": 1,
                    "order": "desc",
                    "orderBy": "_term",
                    "size": "0"
                  },
                  "type": "terms"
                },
                {
                  "field": "pm_data_source.end_timestamp",
                  "id": "2",
                  "settings": {
                    "interval": "$agg",
                    "min_doc_count": 1,
                    "trimEdges": 0
                  },
                  "type": "date_histogram"
                }
              ],
              "datasource": {
                "type": "grafana-opensearch-datasource",
                "uid": "${datasource}"
              },
              "metrics": [
                {
                  "field": "pm_data.NSL_M55149C00550",
                  "hide": true,
                  "id": "3",
                  "meta": {},
                  "settings": {},
                  "type": "avg"
                },
                {
                  "field": "pm_data.NSL_M55149C00550",
                  "hide": true,
                  "id": "4",
                  "meta": {},
                  "settings": {},
                  "type": "sum"
                },
                {
                  "field": "pm_data.NSL_M55149C00551",
                  "hide": true,
                  "id": "8",
                  "type": "sum"
                },
                {
                  "id": "9",
                  "pipelineVariables": [
                    {
                      "name": "am55149c00550",
                      "pipelineAgg": "3"
                    },
                    {
                      "name": "m55149c00550",
                      "pipelineAgg": "4"
                    },
                    {
                      "name": "m55149c00551",
                      "pipelineAgg": "8"
                    }
                  ],
                  "settings": {
                    "script": "if ( params.am55149c00550 == null ) { return null } else if ( params.m55149c00550 == 0 ) { return 0 } else { return 100*(params.m55149c00551)/(params.m55149c00550) }"
                  },
                  "type": "bucket_script"
                }
              ],
              "query": "pm_data_source.nhg_alias.keyword:$nhgname AND pm_data.NSL_M55149C00550:* AND (pm_data_source.dn:*NRBTS* OR pm_data_source.dn:*SST*)",
              "queryType": "lucene",
              "refId": "A",
              "timeField": "pm_data_source.end_timestamp"
            }
          ],
          "title": "NR_5216a 5G SA Inter-frequency intra-gNB intra-DU handover execution success ratio per PLMN, per slice [%]",
          "transformations": [
            {
              "id": "seriesToRows",
              "options": {}
            },
            {
              "id": "prepareTimeSeries",
              "options": {
                "format": "multi"
              }
            }
          ],
          "type": "timeseries"
        }
      ],
      "title": "SA Inter-frequency intra-DU handover per slice",
      "type": "row"
    }
  ],
  "preload": true,
  "refresh": "15m",
  "schemaVersion": 40,
  "tags": [
    "Radio5G"
  ],
  "templating": {
    "list": [
      {
        "current": {
          "text": "dac-radio-5g-pm",
          "value": "dac-radio-5g-pm"
        },
        "hide": 2,
        "includeAll": false,
        "label": "Data Source",
        "name": "datasource",
        "options": [],
        "query": "grafana-opensearch-datasource",
        "refresh": 1,
        "regex": "dac-radio-5g-pm",
        "type": "datasource"
      },
      {
        "current": {
          "text": "LaaS19",
          "value": "LaaS19"
        },
        "datasource": {
          "type": "grafana-opensearch-datasource",
          "uid": "${datasource}"
        },
        "definition": "{\"find\": \"terms\", \"field\": \"pm_data_source.nhg_alias.keyword\"}",
        "includeAll": false,
        "label": "Network Hw Group Name",
        "name": "nhgname",
        "options": [],
        "query": "{\"find\": \"terms\", \"field\": \"pm_data_source.nhg_alias.keyword\"}",
        "refresh": 2,
        "regex": "",
        "type": "query"
      },
      {
        "current": {
          "selected": false,
          "text": "Cell",
          "value": "pm_data_source.dn.keyword"
        },
        "includeAll": false,
        "label": "Object Level",
        "name": "groupby",
        "options": [
          {
            "selected": false,
            "text": "gNB",
            "value": "pm_data_source.hw_id.keyword"
          },
          {
            "selected": true,
            "text": "Cell",
            "value": "pm_data_source.dn.keyword"
          }
        ],
        "query": "gNB : pm_data_source.hw_id.keyword, Cell : pm_data_source.dn.keyword",
        "type": "custom"
      },
      {
        "current": {
          "text": "15m",
          "value": "15m"
        },
        "description": "The interval is used to aggregate the metrics over time.",
        "includeAll": false,
        "label": "Aggregation",
        "name": "agg",
        "options": [
          {
            "selected": true,
            "text": "15m",
            "value": "15m"
          },
          {
            "selected": false,
            "text": "30m",
            "value": "30m"
          },
          {
            "selected": false,
            "text": "1h",
            "value": "1h"
          },
          {
            "selected": false,
            "text": "3h",
            "value": "3h"
          },
          {
            "selected": false,
            "text": "6h",
            "value": "6h"
          },
          {
            "selected": false,
            "text": "12h",
            "value": "12h"
          },
          {
            "selected": false,
            "text": "1d",
            "value": "1d"
          },
          {
            "selected": false,
            "text": "7d",
            "value": "7d"
          },
          {
            "selected": false,
            "text": "15d",
            "value": "15d"
          },
          {
            "selected": false,
            "text": "30d",
            "value": "30d"
          }
        ],
        "query": "15m,30m,1h,3h,6h,12h,1d,7d,15d,30d",
        "type": "custom"
      }
    ]
  },
  "time": {
    "from": "now-24h",
    "to": "now-15m"
  },
  "timepicker": {
    "nowDelay": "15m"
  },
  "timezone": "",
  "title": "NDAC Radio 5G PM KPI - Slice Performance 5G035",
  "uid": "radio5gslc",
  "weekStart": ""
}