{
  "annotations": {
    "list": [
      {
        "builtIn": 1,
        "datasource": {
          "type": "grafana",
          "uid": "-- Grafana --"
        },
        "enable": true,
        "hide": true,
        "iconColor": "rgba(0, 211, 255, 1)",
        "name": "Annotations & Alerts",
        "target": {
          "limit": 100,
          "matchAny": false,
          "tags": [],
          "type": "dashboard"
        },
        "type": "dashboard"
      }
    ]
  },
  "editable": true,
  "fiscalYearStartMonth": 0,
  "graphTooltip": 0,
  "links": [
    {
      "asDropdown": true,
      "icon": "external link",
      "tags": [
        "Radio4G"
      ],
      "title": "Radio 4G Dashboards",
      "type": "dashboards"
    },
    {
      "asDropdown": true,
      "icon": "external link",
      "tags": [
        "Radio5G"
      ],
      "title": "Radio 5G Dashboards",
      "type": "dashboards"
    },
    {
      "asDropdown": true,
      "icon": "external link",
      "includeVars": false,
      "keepTime": false,
      "tags": [
        "CorePM"
      ],
      "targetBlank": false,
      "title": "CORE PM Dashboards",
      "tooltip": "",
      "type": "dashboards",
      "url": ""
    },
    {
      "asDropdown": true,
      "icon": "external link",
      "includeVars": false,
      "keepTime": false,
      "tags": [
        "IXRPM"
      ],
      "targetBlank": false,
      "title": "IXR PM Dashboards",
      "tooltip": "",
      "type": "dashboards",
      "url": ""
    },
    {
      "asDropdown": true,
      "icon": "external link",
      "includeVars": false,
      "keepTime": false,
      "tags": [
        "AllAlarms"
      ],
      "targetBlank": false,
      "title": "Alarms Dashboard",
      "tooltip": "",
      "type": "dashboards",
      "url": ""
    }
  ],
  "panels": [
    {
      "datasource": {
        "type": "grafana-opensearch-datasource",
        "uid": "${datasource}"
      },
      "description": "This KPI provides the usage of the CPU of the edge node is percentage. ",
      "fieldConfig": {
        "defaults": {
          "color": {
            "mode": "thresholds"
          },
          "mappings": [],
          "max": 100,
          "min": 0,
          "thresholds": {
            "mode": "absolute",
            "steps": [
              {
                "color": "green"
              },
              {
                "color": "#EAB839",
                "value": 80
              },
              {
                "color": "dark-red",
                "value": 97
              }
            ]
          },
          "unit": "percent"
        },
        "overrides": []
      },
      "gridPos": {
        "h": 5,
        "w": 6,
        "x": 0,
        "y": 0
      },
      "id": 2,
      "options": {
        "minVizHeight": 75,
        "minVizWidth": 75,
        "orientation": "auto",
        "reduceOptions": {
          "calcs": [
            "lastNotNull"
          ],
          "fields": "",
          "values": false
        },
        "showThresholdLabels": false,
        "showThresholdMarkers": true,
        "sizing": "auto"
      },
      "pluginVersion": "11.6.1",
      "targets": [
        {
          "alias": "CPU Usage",
          "bucketAggs": [
            {
              "field": "pm_data_source.timestamp",
              "id": "2",
              "settings": {
                "interval": "$agg"
              },
              "type": "date_histogram"
            }
          ],
          "datasource": {
            "type": "grafana-opensearch-datasource",
            "uid": "${datasource}"
          },
          "metrics": [
            {
              "field": "pm_data.ndac_rr_edge_cpu_usage_percentage",
              "id": "1",
              "type": "avg"
            }
          ],
          "query": "pm_data_source.edge_alias.keyword:$edgealias",
          "queryType": "lucene",
          "refId": "A",
          "timeField": "pm_data_source.timestamp"
        }
      ],
      "title": "NDAC Edge CPU Usage [%]",
      "type": "gauge"
    },
    {
      "datasource": {
        "type": "grafana-opensearch-datasource",
        "uid": "${datasource}"
      },
      "description": "This KPI provides the temperature of the hard disk on the edge node in degree celsius .",
      "fieldConfig": {
        "defaults": {
          "color": {
            "mode": "thresholds"
          },
          "mappings": [],
          "max": 100,
          "min": 0,
          "thresholds": {
            "mode": "absolute",
            "steps": [
              {
                "color": "green"
              },
              {
                "color": "dark-orange",
                "value": 70
              },
              {
                "color": "dark-red",
                "value": 90
              }
            ]
          },
          "unit": "celsius"
        },
        "overrides": []
      },
      "gridPos": {
        "h": 5,
        "w": 6,
        "x": 6,
        "y": 0
      },
      "id": 6,
      "options": {
        "minVizHeight": 75,
        "minVizWidth": 75,
        "orientation": "auto",
        "reduceOptions": {
          "calcs": [
            "lastNotNull"
          ],
          "fields": "",
          "values": false
        },
        "showThresholdLabels": false,
        "showThresholdMarkers": true,
        "sizing": "auto",
        "text": {
          "titleSize": 8
        }
      },
      "pluginVersion": "11.6.1",
      "targets": [
        {
          "alias": "",
          "bucketAggs": [
            {
              "field": "pm_data_source.timestamp",
              "id": "2",
              "settings": {
                "interval": "$agg",
                "min_doc_count": "0"
              },
              "type": "date_histogram"
            }
          ],
          "datasource": {
            "type": "grafana-opensearch-datasource",
            "uid": "${datasource}"
          },
          "metrics": [
            {
              "field": "pm_data.ndac_rr_edge_disk_temp_celsius",
              "id": "1",
              "type": "avg"
            }
          ],
          "query": "pm_data_source.edge_alias.keyword:$edgealias AND pm_data.ndac_rr_edge_disk_temp_celsius\n:* ",
          "queryType": "lucene",
          "refId": "A",
          "timeField": "pm_data_source.timestamp"
        }
      ],
      "title": "NDAC Edge disk temperature [°C]",
      "transformations": [
        {
          "id": "renameByRegex",
          "options": {
            "regex": ".*/DISK-(.*)",
            "renamePattern": "$1"
          }
        }
      ],
      "type": "gauge"
    },
    {
      "datasource": {
        "type": "grafana-opensearch-datasource",
        "uid": "${datasource}"
      },
      "description": "This KPI provides the usage of the RAM memory usage of the edge node in percentage.",
      "fieldConfig": {
        "defaults": {
          "color": {
            "mode": "thresholds"
          },
          "mappings": [],
          "max": 100,
          "min": 0,
          "thresholds": {
            "mode": "absolute",
            "steps": [
              {
                "color": "green"
              },
              {
                "color": "#EAB839",
                "value": 80
              },
              {
                "color": "dark-red",
                "value": 95
              }
            ]
          },
          "unit": "percent"
        },
        "overrides": []
      },
      "gridPos": {
        "h": 5,
        "w": 6,
        "x": 12,
        "y": 0
      },
      "id": 5,
      "options": {
        "colorMode": "value",
        "graphMode": "area",
        "justifyMode": "auto",
        "orientation": "auto",
        "percentChangeColorMode": "standard",
        "reduceOptions": {
          "calcs": [
            "lastNotNull"
          ],
          "fields": "",
          "values": false
        },
        "showPercentChange": false,
        "textMode": "auto",
        "wideLayout": true
      },
      "pluginVersion": "11.6.1",
      "targets": [
        {
          "alias": "Ram Usage",
          "bucketAggs": [
            {
              "field": "pm_data_source.timestamp",
              "id": "2",
              "settings": {
                "interval": "$agg"
              },
              "type": "date_histogram"
            }
          ],
          "datasource": {
            "type": "grafana-opensearch-datasource",
            "uid": "${datasource}"
          },
          "metrics": [
            {
              "field": "pm_data.ndac_rr_edge_ram_usage_percentage",
              "id": "1",
              "type": "avg"
            }
          ],
          "query": "pm_data_source.edge_alias.keyword:$edgealias",
          "queryType": "lucene",
          "refId": "A",
          "timeField": "pm_data_source.timestamp"
        }
      ],
      "title": "NDAC Edge RAM usage [%]",
      "type": "stat"
    },
    {
      "datasource": {
        "type": "grafana-opensearch-datasource",
        "uid": "${datasource}"
      },
      "description": "This KPI provides the usage of hard disk of the edge node in percentage.",
      "fieldConfig": {
        "defaults": {
          "color": {
            "mode": "thresholds"
          },
          "mappings": [],
          "max": 100,
          "min": 0,
          "thresholds": {
            "mode": "absolute",
            "steps": [
              {
                "color": "green"
              },
              {
                "color": "dark-orange",
                "value": 80
              },
              {
                "color": "dark-red",
                "value": 90
              }
            ]
          },
          "unit": "percent"
        },
        "overrides": []
      },
      "gridPos": {
        "h": 5,
        "w": 6,
        "x": 18,
        "y": 0
      },
      "id": 4,
      "options": {
        "colorMode": "value",
        "graphMode": "area",
        "justifyMode": "auto",
        "orientation": "auto",
        "percentChangeColorMode": "standard",
        "reduceOptions": {
          "calcs": [
            "lastNotNull"
          ],
          "fields": "",
          "values": false
        },
        "showPercentChange": false,
        "textMode": "auto",
        "wideLayout": true
      },
      "pluginVersion": "11.6.1",
      "targets": [
        {
          "alias": "Memory Usage",
          "bucketAggs": [
            {
              "field": "pm_data_source.timestamp",
              "id": "2",
              "settings": {
                "interval": "$agg"
              },
              "type": "date_histogram"
            }
          ],
          "datasource": {
            "type": "grafana-opensearch-datasource",
            "uid": "${datasource}"
          },
          "metrics": [
            {
              "field": "pm_data.ndac_rr_edge_disk_usage_percentage",
              "id": "1",
              "type": "avg"
            }
          ],
          "query": "pm_data_source.edge_alias.keyword:$edgealias AND pm_data.ndac_rr_edge_disk_usage_percentage:*",
          "queryType": "lucene",
          "refId": "A",
          "timeField": "pm_data_source.timestamp"
        }
      ],
      "title": "NDAC Edge disk usage [%]",
      "type": "stat"
    },
    {
      "datasource": {
        "type": "grafana-opensearch-datasource",
        "uid": "${datasource}"
      },
      "description": "This KPI provides the usage of the CPU of the edge node is percentage. ",
      "fieldConfig": {
        "defaults": {
          "color": {
            "mode": "palette-classic"
          },
          "custom": {
            "axisBorderShow": false,
            "axisCenteredZero": false,
            "axisColorMode": "text",
            "axisLabel": "",
            "axisPlacement": "auto",
            "barAlignment": 0,
            "barWidthFactor": 0.6,
            "drawStyle": "line",
            "fillOpacity": 10,
            "gradientMode": "none",
            "hideFrom": {
              "legend": false,
              "tooltip": false,
              "viz": false
            },
            "insertNulls": false,
            "lineInterpolation": "linear",
            "lineWidth": 1,
            "pointSize": 5,
            "scaleDistribution": {
              "type": "linear"
            },
            "showPoints": "never",
            "spanNulls": true,
            "stacking": {
              "group": "A",
              "mode": "none"
            },
            "thresholdsStyle": {
              "mode": "off"
            }
          },
          "mappings": [],
          "thresholds": {
            "mode": "absolute",
            "steps": [
              {
                "color": "green"
              }
            ]
          },
          "unit": "percent"
        },
        "overrides": []
      },
      "gridPos": {
        "h": 7,
        "w": 24,
        "x": 0,
        "y": 5
      },
      "id": 7,
      "options": {
        "legend": {
          "calcs": [],
          "displayMode": "list",
          "placement": "right",
          "showLegend": true
        },
        "tooltip": {
          "hideZeros": false,
          "maxHeight": 600,
          "mode": "multi",
          "sort": "none"
        }
      },
      "pluginVersion": "11.6.1",
      "targets": [
        {
          "alias": "Average CPU Usage",
          "bucketAggs": [
            {
              "field": "pm_data_source.timestamp",
              "id": "2",
              "settings": {
                "interval": "$agg"
              },
              "type": "date_histogram"
            }
          ],
          "datasource": {
            "type": "grafana-opensearch-datasource",
            "uid": "${datasource}"
          },
          "hide": false,
          "metrics": [
            {
              "field": "pm_data.ndac_rr_edge_cpu_usage_percentage",
              "id": "1",
              "type": "avg"
            }
          ],
          "query": "pm_data_source.edge_alias.keyword:$edgealias",
          "queryType": "lucene",
          "refId": "B",
          "timeField": "pm_data_source.timestamp"
        },
        {
          "alias": "",
          "bucketAggs": [
            {
              "field": "pm_data_source.edge_alias.keyword",
              "id": "3",
              "settings": {
                "min_doc_count": "1",
                "order": "desc",
                "orderBy": "_term",
                "size": "0"
              },
              "type": "terms"
            },
            {
              "field": "pm_data_source.timestamp",
              "id": "2",
              "settings": {
                "interval": "$agg"
              },
              "type": "date_histogram"
            }
          ],
          "datasource": {
            "type": "grafana-opensearch-datasource",
            "uid": "${datasource}"
          },
          "hide": false,
          "metrics": [
            {
              "field": "pm_data.ndac_rr_edge_cpu_usage_percentage",
              "id": "1",
              "type": "avg"
            }
          ],
          "query": "pm_data_source.edge_alias.keyword:$edgealias",
          "queryType": "lucene",
          "refId": "A",
          "timeField": "pm_data_source.timestamp"
        }
      ],
      "title": "NDAC Edge CPU Usage [%]",
      "type": "timeseries"
    },
    {
      "datasource": {
        "type": "grafana-opensearch-datasource",
        "uid": "${datasource}"
      },
      "description": "This KPI provides the temperature of the hard disk on the edge node in degree celsius .",
      "fieldConfig": {
        "defaults": {
          "color": {
            "mode": "palette-classic"
          },
          "custom": {
            "axisBorderShow": false,
            "axisCenteredZero": false,
            "axisColorMode": "text",
            "axisLabel": "",
            "axisPlacement": "auto",
            "barAlignment": 0,
            "barWidthFactor": 0.6,
            "drawStyle": "line",
            "fillOpacity": 10,
            "gradientMode": "none",
            "hideFrom": {
              "legend": false,
              "tooltip": false,
              "viz": false
            },
            "insertNulls": false,
            "lineInterpolation": "linear",
            "lineWidth": 1,
            "pointSize": 5,
            "scaleDistribution": {
              "type": "linear"
            },
            "showPoints": "never",
            "spanNulls": true,
            "stacking": {
              "group": "A",
              "mode": "none"
            },
            "thresholdsStyle": {
              "mode": "off"
            }
          },
          "mappings": [],
          "thresholds": {
            "mode": "absolute",
            "steps": [
              {
                "color": "green"
              }
            ]
          },
          "unit": "celsius"
        },
        "overrides": []
      },
      "gridPos": {
        "h": 7,
        "w": 24,
        "x": 0,
        "y": 12
      },
      "id": 8,
      "options": {
        "legend": {
          "calcs": [],
          "displayMode": "list",
          "placement": "right",
          "showLegend": true
        },
        "tooltip": {
          "hideZeros": false,
          "maxHeight": 600,
          "mode": "multi",
          "sort": "none"
        }
      },
      "pluginVersion": "11.6.1",
      "targets": [
        {
          "alias": "Average Disk Temp",
          "bucketAggs": [
            {
              "field": "pm_data_source.timestamp",
              "id": "2",
              "settings": {
                "interval": "$agg",
                "min_doc_count": "0"
              },
              "type": "date_histogram"
            }
          ],
          "datasource": {
            "type": "grafana-opensearch-datasource",
            "uid": "${datasource}"
          },
          "metrics": [
            {
              "field": "pm_data.ndac_rr_edge_disk_temp_celsius",
              "id": "1",
              "type": "avg"
            }
          ],
          "query": "pm_data_source.edge_alias.keyword:$edgealias AND pm_data.ndac_rr_edge_disk_temp_celsius\n:* ",
          "queryType": "lucene",
          "refId": "A",
          "timeField": "pm_data_source.timestamp"
        },
        {
          "alias": "{{pm_data_source.edge_alias.keyword}}/{{pm_data_source.dn.keyword}}",
          "bucketAggs": [
            {
              "field": "pm_data_source.edge_alias.keyword",
              "id": "4",
              "settings": {
                "min_doc_count": "1",
                "order": "desc",
                "orderBy": "_term",
                "size": "0"
              },
              "type": "terms"
            },
            {
              "field": "pm_data_source.dn.keyword",
              "id": "5",
              "settings": {
                "min_doc_count": "1",
                "order": "desc",
                "orderBy": "_term",
                "size": "0"
              },
              "type": "terms"
            },
            {
              "field": "pm_data_source.timestamp",
              "id": "2",
              "settings": {
                "interval": "$agg",
                "min_doc_count": "0"
              },
              "type": "date_histogram"
            }
          ],
          "datasource": {
            "type": "grafana-opensearch-datasource",
            "uid": "${datasource}"
          },
          "hide": false,
          "metrics": [
            {
              "field": "pm_data.ndac_rr_edge_disk_temp_celsius",
              "id": "1",
              "type": "avg"
            }
          ],
          "query": "pm_data_source.edge_alias.keyword:$edgealias AND pm_data.ndac_rr_edge_disk_temp_celsius\n:* ",
          "queryType": "lucene",
          "refId": "B",
          "timeField": "pm_data_source.timestamp"
        }
      ],
      "title": "NDAC Edge disk temperature [°C]",
      "transformations": [
        {
          "id": "renameByRegex",
          "options": {
            "regex": "(.*)/ACCOUNT.*/DISK-(.*)",
            "renamePattern": "$1 $2"
          }
        }
      ],
      "type": "timeseries"
    },
    {
      "datasource": {
        "type": "grafana-opensearch-datasource",
        "uid": "${datasource}"
      },
      "description": "This KPI provides the usage of the RAM memory usage of the edge node in percentage.",
      "fieldConfig": {
        "defaults": {
          "color": {
            "mode": "palette-classic"
          },
          "custom": {
            "axisBorderShow": false,
            "axisCenteredZero": false,
            "axisColorMode": "text",
            "axisLabel": "",
            "axisPlacement": "auto",
            "barAlignment": 0,
            "barWidthFactor": 0.6,
            "drawStyle": "line",
            "fillOpacity": 10,
            "gradientMode": "none",
            "hideFrom": {
              "legend": false,
              "tooltip": false,
              "viz": false
            },
            "insertNulls": false,
            "lineInterpolation": "linear",
            "lineWidth": 1,
            "pointSize": 5,
            "scaleDistribution": {
              "type": "linear"
            },
            "showPoints": "never",
            "spanNulls": true,
            "stacking": {
              "group": "A",
              "mode": "none"
            },
            "thresholdsStyle": {
              "mode": "off"
            }
          },
          "mappings": [],
          "thresholds": {
            "mode": "absolute",
            "steps": [
              {
                "color": "green"
              }
            ]
          },
          "unit": "percent"
        },
        "overrides": []
      },
      "gridPos": {
        "h": 7,
        "w": 24,
        "x": 0,
        "y": 19
      },
      "id": 9,
      "options": {
        "legend": {
          "calcs": [],
          "displayMode": "list",
          "placement": "right",
          "showLegend": true
        },
        "tooltip": {
          "hideZeros": false,
          "maxHeight": 600,
          "mode": "multi",
          "sort": "none"
        }
      },
      "pluginVersion": "11.6.1",
      "targets": [
        {
          "alias": "Average Ram Usage",
          "bucketAggs": [
            {
              "field": "pm_data_source.timestamp",
              "id": "2",
              "settings": {
                "interval": "$agg"
              },
              "type": "date_histogram"
            }
          ],
          "datasource": {
            "type": "grafana-opensearch-datasource",
            "uid": "${datasource}"
          },
          "metrics": [
            {
              "field": "pm_data.ndac_rr_edge_ram_usage_percentage",
              "id": "1",
              "type": "avg"
            }
          ],
          "query": "pm_data_source.edge_alias.keyword:$edgealias",
          "queryType": "lucene",
          "refId": "A",
          "timeField": "pm_data_source.timestamp"
        },
        {
          "alias": "",
          "bucketAggs": [
            {
              "field": "pm_data_source.edge_alias.keyword",
              "id": "3",
              "settings": {
                "min_doc_count": "1",
                "order": "desc",
                "orderBy": "_term",
                "size": "0"
              },
              "type": "terms"
            },
            {
              "field": "pm_data_source.timestamp",
              "id": "2",
              "settings": {
                "interval": "$agg"
              },
              "type": "date_histogram"
            }
          ],
          "datasource": {
            "type": "grafana-opensearch-datasource",
            "uid": "${datasource}"
          },
          "hide": false,
          "metrics": [
            {
              "field": "pm_data.ndac_rr_edge_ram_usage_percentage",
              "id": "1",
              "type": "avg"
            }
          ],
          "query": "pm_data_source.edge_alias.keyword:$edgealias",
          "queryType": "lucene",
          "refId": "B",
          "timeField": "pm_data_source.timestamp"
        }
      ],
      "title": "NDAC Edge RAM usage [%]",
      "type": "timeseries"
    },
    {
      "datasource": {
        "type": "grafana-opensearch-datasource",
        "uid": "${datasource}"
      },
      "description": "This KPI provides the usage of hard disk of the edge node in percentage.",
      "fieldConfig": {
        "defaults": {
          "color": {
            "mode": "palette-classic"
          },
          "custom": {
            "axisBorderShow": false,
            "axisCenteredZero": false,
            "axisColorMode": "text",
            "axisLabel": "",
            "axisPlacement": "auto",
            "barAlignment": 0,
            "barWidthFactor": 0.6,
            "drawStyle": "line",
            "fillOpacity": 10,
            "gradientMode": "none",
            "hideFrom": {
              "legend": false,
              "tooltip": false,
              "viz": false
            },
            "insertNulls": false,
            "lineInterpolation": "linear",
            "lineWidth": 1,
            "pointSize": 5,
            "scaleDistribution": {
              "type": "linear"
            },
            "showPoints": "never",
            "spanNulls": true,
            "stacking": {
              "group": "A",
              "mode": "none"
            },
            "thresholdsStyle": {
              "mode": "off"
            }
          },
          "mappings": [],
          "thresholds": {
            "mode": "absolute",
            "steps": [
              {
                "color": "green"
              }
            ]
          },
          "unit": "percent"
        },
        "overrides": []
      },
      "gridPos": {
        "h": 7,
        "w": 24,
        "x": 0,
        "y": 26
      },
      "id": 10,
      "options": {
        "legend": {
          "calcs": [],
          "displayMode": "list",
          "placement": "right",
          "showLegend": true
        },
        "tooltip": {
          "hideZeros": false,
          "maxHeight": 600,
          "mode": "multi",
          "sort": "none"
        }
      },
      "pluginVersion": "11.6.1",
      "targets": [
        {
          "alias": "Average Memory Usage",
          "bucketAggs": [
            {
              "field": "pm_data_source.timestamp",
              "id": "2",
              "settings": {
                "interval": "$agg"
              },
              "type": "date_histogram"
            }
          ],
          "datasource": {
            "type": "grafana-opensearch-datasource",
            "uid": "${datasource}"
          },
          "metrics": [
            {
              "field": "pm_data.ndac_rr_edge_disk_usage_percentage",
              "id": "1",
              "type": "avg"
            }
          ],
          "query": "pm_data_source.edge_alias.keyword:$edgealias AND pm_data.ndac_rr_edge_disk_usage_percentage:*",
          "queryType": "lucene",
          "refId": "A",
          "timeField": "pm_data_source.timestamp"
        },
        {
          "alias": "",
          "bucketAggs": [
            {
              "field": "pm_data_source.edge_alias.keyword",
              "id": "4",
              "settings": {
                "min_doc_count": "1",
                "order": "desc",
                "orderBy": "_term",
                "size": "0"
              },
              "type": "terms"
            },
            {
              "field": "pm_data_source.timestamp",
              "id": "2",
              "settings": {
                "interval": "$agg"
              },
              "type": "date_histogram"
            }
          ],
          "datasource": {
            "type": "grafana-opensearch-datasource",
            "uid": "${datasource}"
          },
          "hide": false,
          "metrics": [
            {
              "field": "pm_data.ndac_rr_edge_disk_usage_percentage",
              "id": "1",
              "type": "avg"
            }
          ],
          "query": "pm_data_source.edge_alias.keyword:$edgealias AND pm_data.ndac_rr_edge_disk_usage_percentage:*",
          "queryType": "lucene",
          "refId": "B",
          "timeField": "pm_data_source.timestamp"
        }
      ],
      "title": "NDAC Edge disk usage [%]",
      "type": "timeseries"
    }
  ],
  "preload": true,
  "refresh": "5m",
  "schemaVersion": 40,
  "tags": [
    "EdgePM"
  ],
  "templating": {
    "list": [
      {
        "current": {
          "text": "dac-edge-pm",
          "value": "dac-edge-pm"
        },
        "hide": 2,
        "includeAll": false,
        "label": "Data Source",
        "name": "datasource",
        "options": [],
        "query": "grafana-opensearch-datasource",
        "refresh": 1,
        "regex": "dac-edge-pm",
        "type": "datasource"
      },
      {
        "current": {
          "text": "LaaS19",
          "value": "LaaS19"
        },
        "datasource": {
          "type": "grafana-opensearch-datasource",
          "uid": "${datasource}"
        },
        "definition": "{\"find\": \"terms\", \"field\": \"pm_data_source.nhg_alias.keyword\"}",
        "includeAll": false,
        "label": "Network Hw Group Name",
        "name": "nhgname",
        "options": [],
        "query": "{\"find\": \"terms\", \"field\": \"pm_data_source.nhg_alias.keyword\"}",
        "refresh": 2,
        "regex": "",
        "type": "query"
      },
      {
        "current": {
          "text": "All",
          "value": "$__all"
        },
        "datasource": {
          "type": "grafana-opensearch-datasource",
          "uid": "${datasource}"
        },
        "definition": "{\"find\": \"terms\", \"field\": \"pm_data_source.edge_alias.keyword\", \"query\":\"pm_data_source.nhg_alias.keyword:$nhgname\"}",
        "includeAll": true,
        "label": "Slice ID",
        "name": "edgealias",
        "options": [],
        "query": "{\"find\": \"terms\", \"field\": \"pm_data_source.edge_alias.keyword\", \"query\":\"pm_data_source.nhg_alias.keyword:$nhgname\"}",
        "refresh": 2,
        "regex": "",
        "type": "query"
      },
      {
        "current": {
          "text": "1m",
          "value": "1m"
        },
        "description": "Aggregation",
        "includeAll": false,
        "label": "Aggregation",
        "name": "agg",
        "options": [
          {
            "selected": true,
            "text": "1m",
            "value": "1m"
          },
          {
            "selected": false,
            "text": "5m",
            "value": "5m"
          },
          {
            "selected": false,
            "text": "15m",
            "value": "15m"
          },
          {
            "selected": false,
            "text": "1h",
            "value": "1h"
          },
          {
            "selected": false,
            "text": "3h",
            "value": "3h"
          },
          {
            "selected": false,
            "text": "6h",
            "value": "6h"
          },
          {
            "selected": false,
            "text": "12h",
            "value": "12h"
          },
          {
            "selected": false,
            "text": "1d",
            "value": "1d"
          },
          {
            "selected": false,
            "text": "7d",
            "value": "7d"
          },
          {
            "selected": false,
            "text": "15d",
            "value": "15d"
          },
          {
            "selected": false,
            "text": "1M",
            "value": "1M"
          }
        ],
        "query": "1m,5m,15m,1h,3h,6h,12h,1d,7d,15d,1M",
        "type": "custom"
      }
    ]
  },
  "time": {
    "from": "now-24h",
    "to": "now-15m"
  },
  "timepicker": {
    "nowDelay": "15m"
  },
  "timezone": "",
  "title": "NDAC EDGE PM KPI",
  "uid": "edgepm",
  "weekStart": ""
}